"","mlb_name","mlb_pos","mlb_team"
"1","A.J. Achter","P","LAA"
"2","A.J. Burnett","P","PIT"
"3","A.J. Cole","P","WSH"
"4","A.J. Ellis","C","LAD"
"5","A.J. Griffin","P","TEX"
"6","A.J. Jimenez","C","TOR"
"7","A.J. Morris","P","CIN"
"8","A.J. Pierzynski","C","ATL"
"9","A.J. Pollock","CF","ARI"
"10","A.J. Ramos","P","MIA"
"11","A.J. Reed","1B","HOU"
"12","A.J. Schugel","P","PIT"
"13","Aaron Altherr","CF","PHI"
"14","Aaron Barrett","P","WSH"
"15","Aaron Blair","P","ATL"
"16","Aaron Brooks","P","CHC"
"17","Aaron Crow","P","MIA"
"18","Aaron Cunningham","OF","CHC"
"19","Aaron Harang","P","PHI"
"20","Aaron Hicks","RF","NYY"
"21","Aaron Hill","3B","MIL"
"22","Aaron Laffey","P","COL"
"23","Aaron Loup","P","TOR"
"24","Aaron Nola","P","PHI"
"25","Aaron Poreda","P","TEX"
"26","Aaron Sanchez","P","TOR"
"27","Aaron Thompson","P","MIN"
"28","Abel De Los Santos","P","WSH"
"29","Abraham Almonte","CF","CLE"
"30","Adalberto Mejia","P","SF"
"31","Adam Conley","P","MIA"
"32","Adam Duvall","LF","CIN"
"33","Adam Eaton","CF","CWS"
"34","Adam Frazier","LF","PIT"
"35","Adam Jones","CF","BAL"
"36","Adam LaRoche","DH","CWS"
"37","Adam Liberatore","P","LAD"
"38","Adam Lind","1B","SEA"
"39","Adam Loewen","P","PHI"
"40","Adam Moore","C","CLE"
"41","Adam Morgan","P","PHI"
"42","Adam Ottavino","P","COL"
"43","Adam Rosales","3B","SD"
"44","Adam Wainwright","P","STL"
"45","Adam Walker","RF","MIN"
"46","Adam Warren","P","CHC"
"47","Adam Wilk","P","LAA"
"48","Addison Reed","P","NYM"
"49","Addison Russell","SS","CHC"
"50","Adeiny Hechavarria","SS","MIA"
"51","Adonis Garcia","LF","ATL"
"52","Adrian Beltre","3B","TEX"
"53","Adrian Gonzalez","1B","LAD"
"54","Adrian Houser","P","MIL"
"55","Adrian Nieto","C","CWS"
"56","Adrian Sampson","P","SEA"
"57","Adron Chambers","OF","HOU"
"58","Akeel Morris","P","ATL"
"59","Al Alburquerque","P","LAA"
"60","Albert Almora Jr.","CF","CHC"
"61","Albert Pujols","DH","LAA"
"62","Albert Suarez","P","SF"
"63","Alberto Cabrera","P","CHC"
"64","Alberto Callaspo","3B","LAD"
"65","Alberto Gonzalez","SS","NYY"
"66","Alcides Escobar","SS","KC"
"67","Alec Asher","P","PHI"
"68","Alec Mills","P","KC"
"69","Aledmys Diaz","SS","STL"
"70","Alejandro De Aza","LF","NYM"
"71","Alen Hanson","SS","PIT"
"72","Alex Avila","C","CWS"
"73","Alex Burnett","P","CHC"
"74","Alex Castellanos","RF","SD"
"75","Alex Claudio","P","TEX"
"76","Alex Cobb","P","TB"
"77","Alex Colome","P","TB"
"78","Alex Dickerson","RF","SD"
"79","Alex Gonzalez","SS","DET"
"80","Alex Gordon","LF","KC"
"81","Alex Guerrero","LF","LAD"
"82","Alex Hassan","RF","OAK"
"83","Alex Katz","P","CWS"
"84","Alex Liddi","3B","BAL"
"85","Alex Meyer","P","MIN"
"86","Alex Presley","RF","MIL"
"87","Alex Rios","RF","KC"
"88","Alex Rodriguez","DH","NYY"
"89","Alex Sanabia","P","ARI"
"90","Alex Torres","P","ATL"
"91","Alex White","P","HOU"
"92","Alex Wilson","P","DET"
"93","Alex Wood","P","LAD"
"94","Alexei Ramirez","SS","SD"
"95","Alexi Amarista","3B","SD"
"96","Alexi Casilla","2B","TB"
"97","Alexi Ogando","P","ATL"
"98","Alfredo Aceves","P","NYY"
"99","Alfredo Figaro","P","TEX"
"100","Alfredo Gonzalez","C","HOU"
"101","Alfredo Marte","LF","BAL"
"102","Alfredo Simon","P","CIN"
"103","Ali Solis","C","LAD"
"104","Allan Dykstra","1B","TB"
"105","Allen Craig","1B","BOS"
"106","Allen Webster","P","PIT"
"107","Amir Garrett","P","CIN"
"108","Andre Ethier","RF","LAD"
"109","Andre Rienzo","P","MIA"
"110","Andrelton Simmons","SS","LAA"
"111","Andres Blanco","2B","PHI"
"112","Andres Torres","OF","SF"
"113","Andrew Albers","P","TOR"
"114","Andrew Aplin","RF","HOU"
"115","Andrew Bailey","P","PHI"
"116","Andrew Bellatti","P","TB"
"117","Andrew Brown","OF","OAK"
"118","Andrew Carignan","P","OAK"
"119","Andrew Cashner","P","SD"
"120","Andrew Chafin","P","ARI"
"121","Andrew Faulkner","P","TEX"
"122","Andrew Heaney","P","LAA"
"123","Andrew Lambo","RF","OAK"
"124","Andrew McCutchen","CF","PIT"
"125","Andrew McKirahan","P","ATL"
"126","Andrew Miller","P","NYY"
"127","Andrew Romine","3B","DET"
"128","Andrew Susac","C","SF"
"129","Andrew Taylor","P","LAA"
"130","Andrew Triggs","P","OAK"
"131","Andrew Werner","P","OAK"
"132","Andruw Jones","RF","NYY"
"133","Andury Acevedo","P","CHC"
"134","Andy Burns","3B","TOR"
"135","Andy Dirks","LF","TOR"
"136","Andy LaRoche","3B","CWS"
"137","Andy Marte","3B","ARI"
"138","Andy Oliver","P","PHI"
"139","Andy Parrino","SS","OAK"
"140","Andy Wilkins","1B","MIL"
"141","Angel Castro","P","OAK"
"142","Angel Nesbitt","P","DET"
"143","Angel Pagan","LF","SF"
"144","Angel Sanchez","2B","CWS"
"145","Anibal Sanchez","P","DET"
"146","Anthony Bass","P","SEA"
"147","Anthony DeSclafani","P","CIN"
"148","Anthony Garcia","LF","STL"
"149","Anthony Gose","CF","DET"
"150","Anthony Ranaudo","P","CWS"
"151","Anthony Recker","C","CLE"
"152","Anthony Rendon","3B","WSH"
"153","Anthony Rizzo","1B","CHC"
"154","Anthony Swarzak","P","NYY"
"155","Anthony Varvaro","P","BOS"
"156","Antoan Richardson","RF","TEX"
"157","Antonio Bastardo","P","NYM"
"158","Antonio Senzatela","P","COL"
"159","Aramis Ramirez","3B","PIT"
"160","Archie Bradley","P","ARI"
"161","Ariel Pena","P","MIL"
"162","Arismendy Alcantara","2B","OAK"
"163","Arnold Leon","P","TOR"
"164","Arodys Vizcaino","P","ATL"
"165","Aroldis Chapman","P","NYY"
"166","Arquimedes Caminero","P","PIT"
"167","Asdrubal Cabrera","SS","NYM"
"168","Asher Wojciechowski","P","MIA"
"169","Ashur Tolliver","P","BAL"
"170","Audry Perez","C","COL"
"171","Austin Adams","P","CLE"
"172","Austin Barnes","C","LAD"
"173","Austin Brice","P","MIA"
"174","Austin Hedges","C","SD"
"175","Austin Jackson","CF","CWS"
"176","Austin Kearns","OF","MIA"
"177","Austin Romine","C","NYY"
"178","Austin Ross","P","MIL"
"179","Avisail Garcia","DH","CWS"
"180","B.J. Rosenberg","P","PHI"
"181","Barry Enright","P","LAA"
"182","Barry Zito","P","OAK"
"183","Bartolo Colon","P","NYM"
"184","Ben Francisco","LF","ARI"
"185","Ben Gamel","RF","NYY"
"186","Ben Paulsen","1B","COL"
"187","Ben Revere","CF","WSH"
"188","Ben Rowen","P","TOR"
"189","Ben Zobrist","2B","CHC"
"190","Bill Bray","P","CIN"
"191","Billy Buckner","P","SD"
"192","Billy Burns","CF","OAK"
"193","Billy Butler","DH","OAK"
"194","Billy Hamilton","CF","CIN"
"195","Blaine Boyer","P","MIL"
"196","Blaine Hardy","P","DET"
"197","Blake Beavan","P","SEA"
"198","Blake Lalli","1B","MIL"
"199","Blake McFarland","P","TOR"
"200","Blake Parker","P","CHC"
"201","Blake Smith","P","SD"
"202","Blake Snell","P","TB"
"203","Blake Swihart","LF","BOS"
"204","Blake Tekotte","RF","CWS"
"205","Blake Treinen","P","WSH"
"206","Blake Wood","P","CIN"
"207","Bo Schultz","P","TOR"
"208","Bobby Korecky","P","TOR"
"209","Bobby LaFromboise","P","PHI"
"210","Bobby Parnell","P","DET"
"211","Bobby Wilson","C","TEX"
"212","Boog Powell","CF","SEA"
"213","Boone Logan","P","COL"
"214","Brad Boxberger","P","TB"
"215","Brad Brach","P","BAL"
"216","Brad Glenn","RF","TOR"
"217","Brad Hand","P","SD"
"218","Brad Lincoln","P","PHI"
"219","Brad Miller","SS","TB"
"220","Brad Mills","P","OAK"
"221","Brad Peacock","P","HOU"
"222","Brad Penny","P","MIA"
"223","Brad Snyder","1B","TEX"
"224","Brad Ziegler","P","ARI"
"225","Bradin Hagens","P","ARI"
"226","Brady Dragmire","P","TOR"
"227","Branden Pinder","P","NYY"
"228","Brandon Allen","1B","CIN"
"229","Brandon Bantz","C","SEA"
"230","Brandon Barnes","LF","COL"
"231","Brandon Beachy","P","LAD"
"232","Brandon Belt","1B","SF"
"233","Brandon Brennan","P","CWS"
"234","Brandon Crawford","SS","SF"
"235","Brandon Cumpton","P","PIT"
"236","Brandon Cunniff","P","ATL"
"237","Brandon Drury","RF","ARI"
"238","Brandon Finnegan","P","CIN"
"239","Brandon Gomes","P","TB"
"240","Brandon Guyer","LF","TB"
"241","Brandon Hicks","2B","SF"
"242","Brandon Inge","3B","PIT"
"243","Brandon Kintzler","P","MIN"
"244","Brandon Laird","3B","KC"
"245","Brandon League","P","LAD"
"246","Brandon Lyon","P","NYM"
"247","Brandon Maurer","P","SD"
"248","Brandon McCarthy","P","LAD"
"249","Brandon Morrow","P","SD"
"250","Brandon Moss","1B","STL"
"251","Brandon Nimmo","CF","NYM"
"252","Brandon Phillips","2B","CIN"
"253","Brandon Snyder","1B","ATL"
"254","Brandon Workman","P","BOS"
"255","Brayan Pena","C","STL"
"256","Brayan Villarreal","P","BOS"
"257","Brendan Harris","SS","LAA"
"258","Brendan Ryan","SS","LAA"
"259","Brennan Boesch","RF","CIN"
"260","Brent Lillibridge","3B","NYY"
"261","Brent Morel","3B","PIT"
"262","Brett Anderson","P","LAD"
"263","Brett Bochy","P","SF"
"264","Brett Carroll","OF","WSH"
"265","Brett Cecil","P","TOR"
"266","Brett Eibner","CF","KC"
"267","Brett Gardner","LF","NYY"
"268","Brett Hayes","C","CLE"
"269","Brett Jackson","CF","ARI"
"270","Brett Lawrie","2B","CWS"
"271","Brett Marshall","P","CIN"
"272","Brett Nicholas","C","TEX"
"273","Brett Oberholtzer","P","PHI"
"274","Brett Pill","1B","SF"
"275","Brett Wallace","3B","SD"
"276","Brian Bixler","2B","HOU"
"277","Brian Bogusevic","LF","PHI"
"278","Brian Dozier","2B","MIN"
"279","Brian Duensing","P","BAL"
"280","Brian Ellington","P","MIA"
"281","Brian Flynn","P","KC"
"282","Brian Goodwin","CF","WSH"
"283","Brian Johnson","P","BOS"
"284","Brian Matusz","P","ATL"
"285","Brian McCann","C","NYY"
"286","Brian Roberts","2B","NYY"
"287","Brian Schlitter","P","CHC"
"288","Brian Wilson","P","LAD"
"289","Brock Holt","LF","BOS"
"290","Brock Peterson","1B","WSH"
"291","Bronson Arroyo","P","LAD"
"292","Brooks Brown","P","LAD"
"293","Brooks Conrad","2B","SD"
"294","Brooks Raley","P","LAA"
"295","Bruce Billings","P","NYY"
"296","Bruce Chen","P","CLE"
"297","Bruce Rondon","P","DET"
"298","Bryan Anderson","C","OAK"
"299","Bryan Holaday","C","TEX"
"300","Bryan Mitchell","P","NYY"
"301","Bryan Morris","P","MIA"
"302","Bryan Petersen","LF","MIA"
"303","Bryan Price","P","CLE"
"304","Bryan Shaw","P","CLE"
"305","Bryce Brentz","RF","BOS"
"306","Bryce Harper","RF","WSH"
"307","Bubba Starling","CF","KC"
"308","Buck Farmer","P","DET"
"309","Bud Norris","P","ATL"
"310","Buddy Baumann","P","SD"
"311","Buddy Boshers","P","MIN"
"312","Buddy Carlyle","P","NYM"
"313","Burch Smith","P","TB"
"314","Burke Badenhop","P","WSH"
"315","Buster Posey","C","SF"
"316","Byron Buxton","CF","MIN"
"317","Byung Ho Park","DH","MIN"
"318","C.C. Lee","P","CLE"
"319","C.J. Cron","1B","LAA"
"320","C.J. Fick","P","HOU"
"321","C.J. Riefenhauser","P","CHC"
"322","C.J. Wilson","P","LAA"
"323","Caleb Cotham","P","CIN"
"324","Caleb Gindl","RF","MIL"
"325","Caleb Joseph","C","BAL"
"326","Caleb Thielbar","P","SD"
"327","Cam Bedrosian","P","LAA"
"328","Cameron Maybin","CF","DET"
"329","Cameron Rupp","C","PHI"
"330","Carl Crawford","LF","LAD"
"331","Carl Edwards Jr.","P","CHC"
"332","Carlos Beltran","RF","NYY"
"333","Carlos Carrasco","P","CLE"
"334","Carlos Contreras","P","CIN"
"335","Carlos Corporan","C","NYY"
"336","Carlos Correa","SS","HOU"
"337","Carlos Estevez","P","COL"
"338","Carlos Frias","P","LAD"
"339","Carlos Gomez","CF","HOU"
"340","Carlos Gonzalez","RF","COL"
"341","Carlos Maldonado","C","WSH"
"342","Carlos Marmol","P","BOS"
"343","Carlos Martinez","P","STL"
"344","Carlos Moncrief","OF","CLE"
"345","Carlos Peguero","LF","BOS"
"346","Carlos Pena","1B","TEX"
"347","Carlos Perez","C","LAA"
"348","Carlos Quentin","LF","MIN"
"349","Carlos Rivero","3B","SEA"
"350","Carlos Rodon","P","CWS"
"351","Carlos Ruiz","C","PHI"
"352","Carlos Sanchez","3B","CWS"
"353","Carlos Santana","DH","CLE"
"354","Carlos Torres","P","MIL"
"355","Carlos Triunfel","SS","LAD"
"356","Carlos Villanueva","P","SD"
"357","Carlos Zambrano","P","MIA"
"358","Carson Blair","C","OAK"
"359","Carson Smith","P","BOS"
"360","Carter Capps","P","MIA"
"361","Casey Coleman","P","KC"
"362","Casey Crosby","P","DET"
"363","Casey Fien","P","LAD"
"364","Casey Janssen","P","SD"
"365","Casey Kelly","P","ATL"
"366","Casey Kotchman","1B","MIA"
"367","Casey McGehee","3B","DET"
"368","Casey Sadler","P","PIT"
"369","Casper Wells","LF","PHI"
"370","CC Sabathia","P","NYY"
"371","Cedric Hunter","LF","PHI"
"372","Cesar Cabral","P","BAL"
"373","Cesar Hernandez","2B","PHI"
"374","Cesar Izturis","SS","HOU"
"375","Cesar Jimenez","P","MIL"
"376","Cesar Puello","OF","NYM"
"377","Cesar Ramos","P","TEX"
"378","Cesar Vargas","P","SD"
"379","Chad Bettis","P","COL"
"380","Chad Billingsley","P","PHI"
"381","Chad Durbin","P","PHI"
"382","Chad Gaudin","P","PHI"
"383","Chad Girodo","P","TOR"
"384","Chad Green","P","NYY"
"385","Chad Jenkins","P","TOR"
"386","Chad Kuhl","P","PIT"
"387","Chad Qualls","P","COL"
"388","Chad Smith","P","LAA"
"389","Chad Tracy","3B","LAA"
"390","Chance Ruffin","P","SEA"
"391","Charles Brewer","P","SEA"
"392","Charlie Blackmon","CF","COL"
"393","Charlie Culberson","SS","LAD"
"394","Charlie Furbush","P","SEA"
"395","Charlie Leesman","P","CWS"
"396","Charlie Morton","P","PHI"
"397","Charlie Tilson","CF","STL"
"398","Chase Anderson","P","MIL"
"399","Chase d'Arnaud","2B","ATL"
"400","Chase Headley","3B","NYY"
"401","Chase Utley","2B","LAD"
"402","Chase Whitley","P","TB"
"403","Chasen Shreve","P","NYY"
"404","Chaz Roe","P","BAL"
"405","Che-Hsuan Lin","CF","HOU"
"406","Cheslor Cuthbert","3B","KC"
"407","Chi Chi Gonzalez","P","TEX"
"408","Chia-Jen Lo","P","HOU"
"409","Chien-Ming Wang","P","KC"
"410","Chin-hui Tsao","P","LAD"
"411","Chone Figgins","3B","LAD"
"412","Chris Archer","P","TB"
"413","Chris Bassitt","P","OAK"
"414","Chris Beck","P","CWS"
"415","Chris Bootcheck","P","NYY"
"416","Chris Bostick","2B","WSH"
"417","Chris Capuano","P","MIL"
"418","Chris Carter","1B","MIL"
"419","Chris Coghlan","3B","CHC"
"420","Chris Colabello","1B","TOR"
"421","Chris Davis","1B","BAL"
"422","Chris Denorfia","LF","NYY"
"423","Chris Devenski","P","HOU"
"424","Chris Dickerson","LF","CLE"
"425","Chris Dominguez","LF","CIN"
"426","Chris Dwyer","P","KC"
"427","Chris Gimenez","C","CLE"
"428","Chris Hatcher","P","LAD"
"429","Chris Heisey","LF","WSH"
"430","Chris Herrmann","C","ARI"
"431","Chris Heston","P","SF"
"432","Chris Iannetta","C","SEA"
"433","Chris Johnson","1B","MIA"
"434","Chris Jones","P","LAA"
"435","Chris Lee","P","BAL"
"436","Chris Leroux","P","PHI"
"437","Chris Marrero","1B","WSH"
"438","Chris Martin","P","NYY"
"439","Chris McGuiness","1B","PIT"
"440","Chris Narveson","P","MIA"
"441","Chris Nelson","3B","SD"
"442","Chris O'Grady","P","CIN"
"443","Chris Owings","CF","ARI"
"444","Chris Parmelee","1B","NYY"
"445","Chris Perez","P","MIL"
"446","Chris Rearick","P","SD"
"447","Chris Reed","P","MIA"
"448","Chris Resop","P","OAK"
"449","Chris Rusin","P","COL"
"450","Chris Sale","P","CWS"
"451","Chris Schwinden","P","NYM"
"452","Chris Snyder","C","WSH"
"453","Chris Stewart","C","PIT"
"454","Chris Stratton","P","SF"
"455","Chris Taylor","SS","LAD"
"456","Chris Tillman","P","BAL"
"457","Chris Valaika","1B","CHC"
"458","Chris Volstad","P","ATL"
"459","Chris Withrow","P","ATL"
"460","Chris Young","LF","BOS"
"461","Chris Young","P","KC"
"462","Christian Bergman","P","COL"
"463","Christian Bethancourt","C","SD"
"464","Christian Colon","2B","KC"
"465","Christian Friedrich","P","SD"
"466","Christian Garcia","P","WSH"
"467","Christian Vazquez","C","BOS"
"468","Christian Villanueva","3B","CHC"
"469","Christian Walker","1B","BAL"
"470","Christian Yelich","LF","MIA"
"471","Clay Buchholz","P","BOS"
"472","Clay Rapada","P","LAA"
"473","Clayton Blackburn","P","SF"
"474","Clayton Kershaw","P","LAD"
"475","Clayton Mortensen","P","BOS"
"476","Clayton Richard","P","CHC"
"477","Clete Thomas","OF","MIN"
"478","Cliff Lee","P","PHI"
"479","Cliff Pennington","2B","LAA"
"480","Clint Barmes","SS","KC"
"481","Clint Robinson","1B","WSH"
"482","Coco Crisp","LF","OAK"
"483","Cody Allen","P","CLE"
"484","Cody Anderson","P","CLE"
"485","Cody Asche","LF","PHI"
"486","Cody Decker","1B","KC"
"487","Cody Ege","P","MIA"
"488","Cody Eppley","P","NYY"
"489","Cody Hall","P","MIA"
"490","Cody Martin","P","SEA"
"491","Cody Ransom","3B","CHC"
"492","Cody Reed","P","CIN"
"493","Cody Ross","RF","OAK"
"494","Cody Stanley","C","STL"
"495","Colby Lewis","P","TEX"
"496","Colby Rasmus","LF","HOU"
"497","Cole Figueroa","2B","PIT"
"498","Cole Gillespie","CF","MIA"
"499","Cole Hamels","P","TEX"
"500","Colin Moran","3B","HOU"
"501","Colin Rea","P","SD"
"502","Colin Walsh","3B","MIL"
"503","Collin Balester","P","CIN"
"504","Collin Cowgill","RF","CLE"
"505","Collin McHugh","P","HOU"
"506","Colt Hynes","P","TOR"
"507","Colton Murray","P","PHI"
"508","Connor Sadzeck","P","TEX"
"509","Conor Gillaspie","3B","SF"
"510","Conor Mullee","P","NYY"
"511","Corban Joseph","2B","NYY"
"512","Cord Phelps","3B","BAL"
"513","Corey Brown","CF","BOS"
"514","Corey Dickerson","DH","TB"
"515","Corey Hart","1B","PIT"
"516","Corey Kluber","P","CLE"
"517","Corey Knebel","P","MIL"
"518","Corey Seager","SS","LAD"
"519","Corky Miller","C","CIN"
"520","Cory Burns","P","TOR"
"521","Cory Gearrin","P","SF"
"522","Cory Luebke","P","PIT"
"523","Cory Mazzoni","P","SD"
"524","Cory Rasmus","P","LAA"
"525","Cory Spangenberg","2B","SD"
"526","Cory Wade","P","TOR"
"527","Craig Breslow","P","MIA"
"528","Craig Gentry","LF","LAA"
"529","Craig Kimbrel","P","BOS"
"530","Craig Stammen","P","WSH"
"531","Cristhian Adames","2B","COL"
"532","Curt Casali","C","TB"
"533","Curtis Granderson","RF","NYM"
"534","Curtis Partch","P","PIT"
"535","Dae-Ho Lee","1B","SEA"
"536","Daisuke Matsuzaka","P","NYM"
"537","Dale Thayer","P","BAL"
"538","Dalier Hinojosa","P","PHI"
"539","Dallas Beeler","P","CHC"
"540","Dallas Keuchel","P","HOU"
"541","Dalton Pompey","CF","TOR"
"542","Damien Magnifico","P","MIL"
"543","Dan Butler","C","WSH"
"544","Dan Haren","P","CHC"
"545","Dan Jennings","P","CWS"
"546","Dan Johnson","1B","STL"
"547","Dan Otero","P","CLE"
"548","Dan Runzler","P","SF"
"549","Dan Straily","P","CIN"
"550","Dan Uggla","2B","WSH"
"551","Dan Vogelbach","1B","CHC"
"552","Dan Wheeler","P","CLE"
"553","Dana Eveland","P","TB"
"554","Dane De La Rosa","P","LAA"
"555","Daniel Bard","P","CHC"
"556","Daniel Bravo","2B","SD"
"557","Daniel Carbonell","OF","SF"
"558","Daniel Castro","2B","ATL"
"559","Daniel Corcino","P","LAD"
"560","Daniel Coulombe","P","OAK"
"561","Daniel Descalso","SS","COL"
"562","Daniel Fields","LF","CWS"
"563","Daniel Hudson","P","ARI"
"564","Daniel McCutchen","P","TEX"
"565","Daniel Mengden","P","OAK"
"566","Daniel Murphy","2B","WSH"
"567","Daniel Nava","LF","LAA"
"568","Daniel Norris","P","DET"
"569","Daniel Robertson","LF","SEA"
"570","Daniel Schlereth","P","DET"
"571","Daniel Stange","P","LAA"
"572","Daniel Stumpf","P","PHI"
"573","Daniel Webb","P","CWS"
"574","Daniel Winkler","P","ATL"
"575","Daniel Wright","P","CIN"
"576","Danny Burawa","P","ATL"
"577","Danny Dorn","RF","TOR"
"578","Danny Duffy","P","KC"
"579","Danny Espinosa","SS","WSH"
"580","Danny Farquhar","P","TB"
"581","Danny Hultzen","P","SEA"
"582","Danny Muno","3B","NYM"
"583","Danny Reynolds","P","LAA"
"584","Danny Salazar","P","CLE"
"585","Danny Santana","CF","MIN"
"586","Danny Valencia","3B","OAK"
"587","Danny Worth","2B","HOU"
"588","Daric Barton","1B","OAK"
"589","Dariel Alvarez","RF","BAL"
"590","Darin Downs","P","HOU"
"591","Darin Mastroianni","RF","MIN"
"592","Darin Ruf","1B","PHI"
"593","Dario Alvarez","P","ATL"
"594","Darnell Sweeney","2B","PHI"
"595","Darrell Ceciliani","CF","TOR"
"596","Darren O'Day","P","BAL"
"597","Darwin Barney","2B","TOR"
"598","Dave Sappelt","CF","PHI"
"599","David Aardsma","P","ATL"
"600","David Adams","3B","BAL"
"601","David Buchanan","P","PHI"
"602","David Carpenter","P","ATL"
"603","David Carpenter","P","TB"
"604","David Cooper","1B","CLE"
"605","David DeJesus","LF","LAA"
"606","David Freese","3B","PIT"
"607","David Goforth","P","MIL"
"608","David Hale","P","BAL"
"609","David Hernandez","P","PHI"
"610","David Holmberg","P","ATL"
"611","David Huff","P","LAA"
"612","David Lough","LF","PHI"
"613","David Martinez","P","HOU"
"614","David Murphy","LF","BOS"
"615","David Ortiz","DH","BOS"
"616","David Pauley","P","TOR"
"617","David Paulino","P","HOU"
"618","David Peralta","RF","ARI"
"619","David Phelps","P","MIA"
"620","David Price","P","BOS"
"621","David Purcey","P","CWS"
"622","David Robertson","P","CWS"
"623","David Rollins","P","SEA"
"624","David Ross","C","CHC"
"625","David Wright","3B","NYM"
"626","Dayan Diaz","P","CIN"
"627","Dayan Viciedo","OF","TOR"
"628","Dean Anna","SS","STL"
"629","Dean Kiekhefer","P","STL"
"630","Dee Gordon","2B","MIA"
"631","Delino DeShields","CF","TEX"
"632","Dellin Betances","P","NYY"
"633","Delmon Young","RF","BAL"
"634","Denard Span","CF","SF"
"635","Denis Phipps","RF","CIN"
"636","Deolis Guerra","P","LAA"
"637","Derek Dietrich","2B","MIA"
"638","Derek Holland","P","TEX"
"639","Derek Law","P","SF"
"640","Derek Norris","C","SD"
"641","Derrick Robinson","LF","CIN"
"642","Desmond Jennings","LF","TB"
"643","Deunte Heath","P","CWS"
"644","Deven Marrero","SS","BOS"
"645","Devin Mesoraco","C","CIN"
"646","Devon Travis","2B","TOR"
"647","Dewayne Wise","OF","CWS"
"648","Dexter Fowler","CF","CHC"
"649","Dian Toscano","OF","ATL"
"650","Didi Gregorius","SS","NYY"
"651","Diego Moreno","P","NYY"
"652","Dillon Gee","P","KC"
"653","Dillon Overton","P","OAK"
"654","Dilson Herrera","2B","NYM"
"655","Dioner Navarro","C","CWS"
"656","Dixon Machado","SS","DET"
"657","DJ LeMahieu","2B","COL"
"658","Domingo German","P","NYY"
"659","Domingo Santana","RF","MIL"
"660","Dominic Leone","P","ARI"
"661","Domonic Brown","RF","PHI"
"662","Don Kelly","3B","MIA"
"663","Donald Lutz","1B","CIN"
"664","Donn Roach","P","SEA"
"665","Donnie Joseph","P","MIA"
"666","Donnie Murphy","2B","TEX"
"667","Donnie Veal","P","TEX"
"668","Donovan Hand","P","CIN"
"669","Donovan Solano","3B","MIA"
"670","Doug Bernier","SS","MIN"
"671","Doug Fister","P","HOU"
"672","Drake Britton","P","CHC"
"673","Drew Butera","C","KC"
"674","Drew Carpenter","P","TOR"
"675","Drew Hayes","P","CIN"
"676","Drew Hutchison","P","TOR"
"677","Drew Pomeranz","P","SD"
"678","Drew Rucinski","P","LAA"
"679","Drew Smyly","P","TB"
"680","Drew Storen","P","TOR"
"681","Drew Stubbs","CF","TEX"
"682","Drew VerHagen","P","DET"
"683","Duane Below","P","MIA"
"684","Duke Welker","P","PIT"
"685","Dustin Ackley","RF","NYY"
"686","Dustin Antolin","P","TOR"
"687","Dustin Garneau","C","COL"
"688","Dustin McGowan","P","MIA"
"689","Dustin Molleken","P","DET"
"690","Dustin Pedroia","2B","BOS"
"691","Dusty Coleman","3B","KC"
"692","Dylan Axelrod","P","CIN"
"693","Dylan Baker","P","CLE"
"694","Dylan Bundy","P","BAL"
"695","Ed Easley","C","STL"
"696","Ed Lucas","2B","TEX"
"697","Eddie Butler","P","COL"
"698","Eddie Gamboa","P","BAL"
"699","Eddie Rosario","LF","MIN"
"700","Eddy Rodriguez","C","SD"
"701","Edgar Gonzalez","P","HOU"
"702","Edgar Ibarra","P","LAA"
"703","Edgar Olmos","P","CHC"
"704","Edgmer Escalona","P","SF"
"705","Edinson Volquez","P","KC"
"706","Eduardo Escobar","SS","MIN"
"707","Eduardo Nunez","SS","MIN"
"708","Eduardo Rodriguez","P","BOS"
"709","Eduardo Sanchez","P","CHC"
"710","Edubray Ramos","P","PHI"
"711","Edwar Cabrera","P","TEX"
"712","Edward Mujica","P","PHI"
"713","Edwin Diaz","P","SEA"
"714","Edwin Encarnacion","DH","TOR"
"715","Edwin Escobar","P","ARI"
"716","Edwin Jackson","P","MIA"
"717","Efren Navarro","LF","BAL"
"718","Ehire Adrianza","SS","SF"
"719","Elian Herrera","3B","MIL"
"720","Elias Diaz","C","PIT"
"721","Elliot Johnson","2B","TEX"
"722","Elmer Reyes","SS","ATL"
"723","Elvin Ramirez","P","PIT"
"724","Elvis Andrus","SS","TEX"
"725","Elvis Araujo","P","PHI"
"726","Emilio Bonifacio","2B","ATL"
"727","Emmanuel Burriss","2B","PHI"
"728","Ender Inciarte","CF","ATL"
"729","Endy Chavez","RF","SEA"
"730","Enerio Del Rosario","P","HOU"
"731","Engel Beltre","RF","TEX"
"732","Enny Romero","P","TB"
"733","Enrique Burgos","P","ARI"
"734","Enrique Hernandez","LF","LAD"
"735","Erasmo Ramirez","P","TB"
"736","Eric Campbell","1B","NYM"
"737","Eric Farris","2B","MIL"
"738","Eric Fornataro","P","WSH"
"739","Eric Fryer","C","STL"
"740","Eric Hosmer","1B","KC"
"741","Eric Jokisch","P","MIA"
"742","Eric O'Flaherty","P","ATL"
"743","Eric Sogard","2B","OAK"
"744","Eric Stults","P","LAD"
"745","Eric Surkamp","P","OAK"
"746","Eric Young Jr.","LF","NYM"
"747","Erick Aybar","SS","ATL"
"748","Erik Bedard","P","TB"
"749","Erik Cordier","P","MIA"
"750","Erik Davis","P","WSH"
"751","Erik Goeddel","P","NYM"
"752","Erik Gonzalez","SS","CLE"
"753","Erik Johnson","P","SD"
"754","Erik Komatsu","OF","MIN"
"755","Erik Kratz","C","PIT"
"756","Erisbel Arruebarrena","SS","LAD"
"757","Ernesto Frieri","P","TB"
"758","Ervin Santana","P","MIN"
"759","Esmil Rogers","P","NYY"
"760","Ethan Martin","P","PHI"
"761","Eugenio Suarez","3B","CIN"
"762","Eury De La Rosa","P","SD"
"763","Eury Perez","LF","HOU"
"764","Evan Crawford","P","TOR"
"765","Evan Gattis","C","HOU"
"766","Evan Longoria","3B","TB"
"767","Evan Marshall","P","ARI"
"768","Evan Meek","P","BAL"
"769","Evan Reed","P","DET"
"770","Evan Rutckyj","P","ATL"
"771","Evan Scribner","P","SEA"
"772","Everett Teaford","P","TB"
"773","Everth Cabrera","SS","BAL"
"774","Ezequiel Carrera","LF","TOR"
"775","Felipe Paulino","P","BOS"
"776","Felipe Rivero","P","WSH"
"777","Felix Doubront","P","OAK"
"778","Felix Hernandez","P","SEA"
"779","Fernando Abad","P","MIN"
"780","Fernando Rodney","P","SD"
"781","Fernando Rodriguez","P","OAK"
"782","Fernando Salas","P","LAA"
"783","Francisco Cervelli","C","PIT"
"784","Francisco Lindor","SS","CLE"
"785","Francisco Liriano","P","PIT"
"786","Francisco Peguero","LF","BAL"
"787","Francisco Pena","C","BAL"
"788","Francisco Rodriguez","P","LAA"
"789","Francisco Rodriguez","P","DET"
"790","Francisley Bueno","P","KC"
"791","Frank Francisco","P","CWS"
"792","Frank Garces","P","SD"
"793","Frank Herrmann","P","CLE"
"794","Frankie Montas","P","LAD"
"795","Franklin Gutierrez","RF","SEA"
"796","Franklin Morales","P","TOR"
"797","Freddie Freeman","1B","ATL"
"798","Freddy Galvis","SS","PHI"
"799","Freddy Garcia","P","ATL"
"800","Freddy Guzman","DH","TB"
"801","Gabby Guerrero","RF","ARI"
"802","Gabriel Ynoa","P","NYM"
"803","Gaby Sanchez","1B","PIT"
"804","Garin Cecchini","3B","MIL"
"805","Garrett Jones","RF","NYY"
"806","Garrett Richards","P","LAA"
"807","Gary Brown","OF","LAA"
"808","Gary Sanchez","C","NYY"
"809","Gavin Floyd","P","TOR"
"810","George Kontos","P","SF"
"811","George Kottaras","C","TOR"
"812","George Sherrill","P","KC"
"813","George Springer","RF","HOU"
"814","Geovany Soto","C","LAA"
"815","Gerald Laird","C","ARI"
"816","Gerardo Concepcion","P","CHC"
"817","Gerardo Parra","LF","COL"
"818","German Marquez","P","COL"
"819","Gerrit Cole","P","PIT"
"820","Giancarlo Stanton","RF","MIA"
"821","Gift Ngoepe","SS","PIT"
"822","Gil Velazquez","3B","MIA"
"823","Gio Gonzalez","P","WSH"
"824","Giovanni Soto","P","CHC"
"825","Giovanny Urshela","3B","CLE"
"826","Glen Perkins","P","MIN"
"827","Gonzalez Germen","P","COL"
"828","Gordon Beckham","3B","ATL"
"829","Gorkys Hernandez","CF","PIT"
"830","Grady Sizemore","RF","TB"
"831","Graham Godfrey","P","OAK"
"832","Grant Balfour","P","TB"
"833","Grant Green","2B","LAA"
"834","Grayson Garvin","P","TB"
"835","Greg Bird","1B","NYY"
"836","Greg Burke","P","PHI"
"837","Greg Dobbs","1B","WSH"
"838","Greg Garcia","2B","STL"
"839","Greg Holland","P","KC"
"840","Greg Mahle","P","LAA"
"841","Gregor Blanco","LF","SF"
"842","Gregorio Petit","SS","LAA"
"843","Gregory Polanco","RF","PIT"
"844","Guido Knudson","P","PIT"
"845","Guilder Rodriguez","SS","TEX"
"846","Guillermo Heredia","CF","SEA"
"847","Guillermo Quiroz","C","SF"
"848","Gus Schlosser","P","ATL"
"849","Hak-Ju Lee","SS","TB"
"850","Hank Conger","C","TB"
"851","Hanley Ramirez","1B","BOS"
"852","Hansel Robles","P","NYM"
"853","Hanser Alberto","SS","TEX"
"854","Harold Ramirez","RF","PIT"
"855","Heath Bell","P","WSH"
"856","Heath Hembree","P","BOS"
"857","Hector Ambriz","P","SD"
"858","Hector Gimenez","C","CWS"
"859","Hector Gomez","2B","MIL"
"860","Hector Neris","P","PHI"
"861","Hector Noesi","P","CWS"
"862","Hector Olivera","LF","ATL"
"863","Hector Rondon","P","CHC"
"864","Hector Sanchez","C","SD"
"865","Hector Santiago","P","LAA"
"866","Henderson Alvarez","P","OAK"
"867","Henry Alberto Rodriguez","P","MIA"
"868","Henry Alejandro Rodriguez","2B","CIN"
"869","Henry Owens","P","BOS"
"870","Henry Urrutia","LF","BAL"
"871","Hernan Perez","3B","MIL"
"872","Hiram Burgos","P","MIL"
"873","Hiroki Kuroda","P","NYY"
"874","Hisashi Iwakuma","P","SEA"
"875","Homer Bailey","P","CIN"
"876","Howie Kendrick","2B","LAD"
"877","Humberto Quintero","C","SEA"
"878","Hunter Cervenka","P","ATL"
"879","Hunter Pence","RF","SF"
"880","Hunter Strickland","P","SF"
"881","Huston Street","P","LAA"
"882","Hyun-Jin Ryu","P","LAD"
"883","Hyun-soo Kim","LF","BAL"
"884","Ian Desmond","CF","TEX"
"885","Ian Gardeck","P","SF"
"886","Ian Kennedy","P","KC"
"887","Ian Kinsler","2B","DET"
"888","Ian Krol","P","ATL"
"889","Ian Stewart","3B","LAA"
"890","Ian Thomas","P","LAD"
"891","Ichiro Suzuki","CF","MIA"
"892","Ike Davis","1B","NYY"
"893","Irving Falu","2B","MIL"
"894","Ivan De Jesus","SS","CIN"
"895","Ivan Nova","P","NYY"
"896","J.A. Happ","P","TOR"
"897","J.B. Shuck","RF","CWS"
"898","J.B. Wendelken","P","OAK"
"899","J.C. Boscan","C","CHC"
"900","J.D. Martinez","RF","DET"
"901","J.J. Hardy","SS","BAL"
"902","J.J. Hoover","P","CIN"
"903","J.P. Arencibia","C","TB"
"904","J.P. Howell","P","LAD"
"905","J.R. Graham","P","NYY"
"906","J.T. Chargois","P","MIN"
"907","J.T. Realmuto","C","MIA"
"908","Jabari Blash","LF","SD"
"909","Jace Peterson","2B","ATL"
"910","Jack Hannahan","1B","CIN"
"911","Jack Leathersich","P","CHC"
"912","Jackie Bradley Jr.","CF","BOS"
"913","Jackson Williams","C","SF"
"914","Jacob Barnes","P","MIL"
"915","Jacob deGrom","P","NYM"
"916","Jacob Faria","P","TB"
"917","Jacob Lindgren","P","NYY"
"918","Jacob Stallings","C","PIT"
"919","Jacob Turner","P","CWS"
"920","Jacoby Ellsbury","CF","NYY"
"921","Jaff Decker","LF","TB"
"922","Jaime Garcia","P","STL"
"923","Jair Jurrjens","P","COL"
"924","Jairo Asencio","P","CWS"
"925","Jairo Diaz","P","COL"
"926","Jairo Labourt","P","DET"
"927","Jake Arrieta","P","CHC"
"928","Jake Barrett","P","ARI"
"929","Jake Brigham","P","ATL"
"930","Jake Buchanan","P","HOU"
"931","Jake Cave","OF","CIN"
"932","Jake Diekman","P","TEX"
"933","Jake Dunning","P","SF"
"934","Jake Elmore","1B","TB"
"935","Jake Esch","P","MIA"
"936","Jake Goebbert","1B","TB"
"937","Jake Lamb","3B","ARI"
"938","Jake Marisnick","CF","HOU"
"939","Jake McGee","P","COL"
"940","Jake Odorizzi","P","TB"
"941","Jake Peavy","P","SF"
"942","Jake Petricka","P","CWS"
"943","Jake Smith","P","SF"
"944","Jake Smolinski","LF","OAK"
"945","James Darnell","OF","SD"
"946","James Jones","CF","TEX"
"947","James Loney","1B","NYM"
"948","James McCann","C","DET"
"949","James McDonald","P","CHC"
"950","James Paxton","P","SEA"
"951","James Pazos","P","NYY"
"952","James Ramsey","OF","LAD"
"953","James Russell","P","PHI"
"954","James Shields","P","CWS"
"955","Jameson Taillon","P","PIT"
"956","Jamey Wright","P","TEX"
"957","Jamie Romak","LF","ARI"
"958","Jandel Gustave","P","HOU"
"959","Jared Burton","P","NYY"
"960","Jared Hoying","CF","TEX"
"961","Jared Hughes","P","PIT"
"962","Jarlin Garcia","P","MIA"
"963","Jarred Cosart","P","MIA"
"964","Jarrett Grube","P","LAA"
"965","Jarrett Parker","RF","SF"
"966","Jarrod Dyson","RF","KC"
"967","Jarrod Parker","P","OAK"
"968","Jarrod Saltalamacchia","C","DET"
"969","Jason Bartlett","SS","MIN"
"970","Jason Berken","P","CHC"
"971","Jason Bourgeois","CF","ARI"
"972","Jason Castro","C","HOU"
"973","Jason Coats","RF","CWS"
"974","Jason Donald","3B","CIN"
"975","Jason Frasor","P","ATL"
"976","Jason Garcia","P","BAL"
"977","Jason Grilli","P","TOR"
"978","Jason Gurka","P","COL"
"979","Jason Hammel","P","CHC"
"980","Jason Heyward","RF","CHC"
"981","Jason Kipnis","2B","CLE"
"982","Jason Kubel","OF","MIN"
"983","Jason Lane","P","SD"
"984","Jason Marquis","P","CIN"
"985","Jason Motte","P","COL"
"986","Jason Pridie","CF","OAK"
"987","Jason Rogers","1B","PIT"
"988","Jason Vargas","P","KC"
"989","Jason Wheeler","P","MIN"
"990","Javier Baez","3B","CHC"
"991","Javier Lopez","P","SF"
"992","Javy Guerra","P","LAA"
"993","Jay Bruce","RF","CIN"
"994","Jay Jackson","P","SD"
"995","Jaye Chapman","P","CHC"
"996","Jayson Aquino","P","BAL"
"997","Jayson Nix","2B","KC"
"998","Jayson Werth","LF","WSH"
"999","JC Ramirez","P","LAA"
"1000","JC Ramirez","P","LAA"
"1001","Jean Machi","P","BOS"
"1002","Jean Segura","2B","ARI"
"1003","Jeanmar Gomez","P","PHI"
"1004","Jed Lowrie","2B","OAK"
"1005","Jedd Gyorko","2B","STL"
"1006","Jeff Baker","1B","MIA"
"1007","Jeff Beliveau","P","TB"
"1008","Jeff Bianchi","SS","BOS"
"1009","Jeff Ferrell","P","DET"
"1010","Jeff Francis","P","TOR"
"1011","Jeff Francoeur","LF","ATL"
"1012","Jeff Keppinger","2B","CWS"
"1013","Jeff Kobernus","LF","WSH"
"1014","Jeff Locke","P","PIT"
"1015","Jeff Manship","P","CLE"
"1016","Jeff Mathis","C","MIA"
"1017","Jeff Samardzija","P","SF"
"1018","Jeff Walters","P","NYM"
"1019","Jefry Marte","3B","LAA"
"1020","Jeimer Candelario","3B","CHC"
"1021","Jemile Weeks","2B","SD"
"1022","Jenrry Mejia","P","NYM"
"1023","Jerad Eickhoff","P","PHI"
"1024","Jered Weaver","P","LAA"
"1025","Jeremy Affeldt","P","SF"
"1026","Jeremy Guthrie","P","TEX"
"1027","Jeremy Hazelbaker","LF","STL"
"1028","Jeremy Hefner","P","NYM"
"1029","Jeremy Hellickson","P","PHI"
"1030","Jeremy Hermida","OF","SD"
"1031","Jeremy Horst","P","PHI"
"1032","Jeremy Jeffress","P","MIL"
"1033","Jeremy McBryde","P","LAA"
"1034","Jermaine Curtis","LF","STL"
"1035","Jerome Williams","P","PHI"
"1036","Jerry Blevins","P","NYM"
"1037","Jerry Sands","1B","CWS"
"1038","Jesse Biddle","P","ATL"
"1039","Jesse Chavez","P","TOR"
"1040","Jesse Crain","P","HOU"
"1041","Jesse Hahn","P","OAK"
"1042","Jesus Aguilar","1B","CLE"
"1043","Jesus Flores","C","ATL"
"1044","Jesus Guzman","1B","CHC"
"1045","Jesus Montero","1B","TOR"
"1046","Jesus Sucre","C","SEA"
"1047","Jett Bandy","C","LAA"
"1048","Jeurys Familia","P","NYM"
"1049","Jhan Marinez","P","MIL"
"1050","Jharel Cotton","P","LAD"
"1051","Jhonatan Solano","C","MIA"
"1052","Jhonny Peralta","SS","STL"
"1053","Jhoulys Chacin","P","LAA"
"1054","Ji-Man Choi","LF","LAA"
"1055","Jim Adduci","OF","TEX"
"1056","Jim Henderson","P","NYM"
"1057","Jim Johnson","P","ATL"
"1058","Jim Miller","P","NYY"
"1059","Jimmy Cordero","P","PHI"
"1060","Jimmy Nelson","P","MIL"
"1061","Jimmy Paredes","3B","PHI"
"1062","Jimmy Rollins","SS","CWS"
"1063","Jo-Jo Reyes","P","LAA"
"1064","Joakim Soria","P","KC"
"1065","Joan Gregorio","P","SF"
"1066","Joaquin Arias","3B","ARI"
"1067","Joaquin Benoit","P","SEA"
"1068","Joba Chamberlain","P","CLE"
"1069","Joc Pederson","CF","LAD"
"1070","Joe Beimel","P","SEA"
"1071","Joe Biagini","P","TOR"
"1072","Joe Blanton","P","LAD"
"1073","Joe Kelly","P","BOS"
"1074","Joe Martinez","P","CLE"
"1075","Joe Mauer","1B","MIN"
"1076","Joe Musgrove","P","HOU"
"1077","Joe Nathan","P","CHC"
"1078","Joe Ortiz","P","CHC"
"1079","Joe Panik","2B","SF"
"1080","Joe Paterson","P","ARI"
"1081","Joe Ross","P","WSH"
"1082","Joe Saunders","P","BAL"
"1083","Joe Savery","P","CWS"
"1084","Joe Smith","P","LAA"
"1085","Joe Thatcher","P","CLE"
"1086","Joe Wieland","P","SEA"
"1087","Joel Carreno","P","TOR"
"1088","Joel De La Cruz","P","ATL"
"1089","Joel Hanrahan","P","DET"
"1090","Joel Peralta","P","CHC"
"1091","Joely Rodriguez","P","PHI"
"1092","Joey Butler","LF","CLE"
"1093","Joey Gallo","3B","TEX"
"1094","Joey Rickard","LF","BAL"
"1095","Joey Terdoslavich","1B","BAL"
"1096","Joey Votto","1B","CIN"
"1097","Joey Wendle","2B","OAK"
"1098","Johan Santana","P","BAL"
"1099","John Axford","P","OAK"
"1100","John Baker","C","CHC"
"1101","John Buck","C","ATL"
"1102","John Cornely","P","BOS"
"1103","John Danks","P","CWS"
"1104","John Ely","P","HOU"
"1105","John Gant","P","ATL"
"1106","John Gast","P","STL"
"1107","John Hester","C","LAA"
"1108","John Hicks","C","DET"
"1109","John Holdzkom","P","PIT"
"1110","John Jaso","1B","PIT"
"1111","John Lackey","P","CHC"
"1112","John Lamb","P","CIN"
"1113","John Lannan","P","NYM"
"1114","John Mayberry Jr.","LF","DET"
"1115","John McDonald","3B","LAA"
"1116","John Ryan Murphy","C","MIN"
"1117","Johnny Barbato","P","NYY"
"1118","Johnny Cueto","P","SF"
"1119","Johnny Giavotella","2B","LAA"
"1120","Johnny Hellweg","P","MIL"
"1121","Johnny Monell","C","NYM"
"1122","Jon Edwards","P","SD"
"1123","Jon Gray","P","COL"
"1124","Jon Jay","CF","SD"
"1125","Jon Lester","P","CHC"
"1126","Jon Moscot","P","CIN"
"1127","Jon Niese","P","PIT"
"1128","Jon Singleton","1B","HOU"
"1129","Jonathan Albaladejo","P","ARI"
"1130","Jonathan Aro","P","SEA"
"1131","Jonathan Broxton","P","STL"
"1132","Jonathan Diaz","SS","TOR"
"1133","Jonathan Herrera","2B","CHC"
"1134","Jonathan Lucroy","C","MIL"
"1135","Jonathan Papelbon","P","WSH"
"1136","Jonathan Pettibone","P","PHI"
"1137","Jonathan Sanchez","P","CIN"
"1138","Jonathan Schoop","2B","BAL"
"1139","Jonathan Villar","SS","MIL"
"1140","Jonny Gomes","LF","KC"
"1141","Jonny Venters","P","ATL"
"1142","Jordan Brown","1B","MIA"
"1143","Jordan Danks","CF","PHI"
"1144","Jordan Lyles","P","COL"
"1145","Jordan Norberto","P","OAK"
"1146","Jordan Pacheco","C","CIN"
"1147","Jordan Schafer","CF","MIN"
"1148","Jordan Walden","P","STL"
"1149","Jordan Zimmermann","P","DET"
"1150","Jordany Valdespin","LF","MIA"
"1151","Jordy Mercer","SS","PIT"
"1152","Jorge Alfaro","C","PHI"
"1153","Jorge Bonifacio","RF","KC"
"1154","Jorge De La Rosa","P","COL"
"1155","Jorge De Leon","P","OAK"
"1156","Jorge Lopez","P","MIL"
"1157","Jorge Polanco","2B","MIN"
"1158","Jorge Rondon","P","PIT"
"1159","Jorge Soler","LF","CHC"
"1160","Jose Abreu","1B","CWS"
"1161","Jose Altuve","2B","HOU"
"1162","Jose Alvarez","P","LAA"
"1163","Jose Arredondo","P","CIN"
"1164","Jose Bautista","RF","TOR"
"1165","Jose Berrios","P","MIN"
"1166","Jose Cisnero","P","ARI"
"1167","Jose Constanza","LF","ATL"
"1168","Jose De La Torre","P","MIL"
"1169","Jose De Paula","P","NYY"
"1170","Jose Dominguez","P","TB"
"1171","Jose Fernandez","P","MIA"
"1172","Jose Iglesias","SS","DET"
"1173","Jose Leclerc","P","TEX"
"1174","Jose Lobaton","C","WSH"
"1175","Jose Martinez","LF","STL"
"1176","Jose Mijares","P","CIN"
"1177","Jose Ortega","P","DET"
"1178","Jose Peraza","2B","CIN"
"1179","Jose Pirela","2B","SD"
"1180","Jose Quintana","P","CWS"
"1181","Jose Ramirez","3B","CLE"
"1182","Jose Ramirez","P","ATL"
"1183","Jose Reyes","SS","COL"
"1184","Jose Rondon","SS","SD"
"1185","Jose Tabata","OF","PIT"
"1186","Jose Torres","P","SD"
"1187","Jose Urena","P","MIA"
"1188","Jose Valdez","P","HOU"
"1189","Jose Valdez","P","LAA"
"1190","Jose Valverde","P","SD"
"1191","Jose Veras","P","ATL"
"1192","Josh Beckett","P","LAD"
"1193","Josh Bell","1B","PIT"
"1194","Josh Bell","3B","LAD"
"1195","Josh Collmenter","P","ARI"
"1196","Josh Donaldson","3B","TOR"
"1197","Josh Edgin","P","NYM"
"1198","Josh Fields","3B","PIT"
"1199","Josh Fields","P","HOU"
"1200","Josh Hamilton","LF","TEX"
"1201","Josh Harrison","2B","PIT"
"1202","Josh Johnson","P","SD"
"1203","Josh Kinney","P","SEA"
"1204","Josh Lindblom","P","PIT"
"1205","Josh Lueke","P","TB"
"1206","Josh Martin","P","SD"
"1207","Josh Osich","P","SF"
"1208","Josh Outman","P","ATL"
"1209","Josh Phegley","C","OAK"
"1210","Josh Prince","CF","MIL"
"1211","Josh Ravin","P","LAD"
"1212","Josh Reddick","RF","OAK"
"1213","Josh Roenicke","P","MIN"
"1214","Josh Rutledge","3B","BOS"
"1215","Josh Satin","1B","NYM"
"1216","Josh Smith","P","CIN"
"1217","Josh Smoker","P","NYM"
"1218","Josh Spence","P","NYY"
"1219","Josh Stinson","P","PIT"
"1220","Josh Thole","C","TOR"
"1221","Josh Tomlin","P","CLE"
"1222","Josh Vitters","OF","CHC"
"1223","Josh Wall","P","PIT"
"1224","Josh Willingham","OF","KC"
"1225","Josh Wilson","2B","DET"
"1226","Josh Zeid","P","DET"
"1227","Josmil Pinto","C","MIL"
"1228","Juan Carlos Oviedo","P","TEX"
"1229","Juan Centeno","C","MIN"
"1230","Juan Diaz","SS","CLE"
"1231","Juan Duran","RF","CIN"
"1232","Juan Francisco","3B","BOS"
"1233","Juan Gutierrez","P","SF"
"1234","Juan Jaime","P","ATL"
"1235","Juan Lagares","CF","NYM"
"1236","Juan Minaya","P","CWS"
"1237","Juan Nicasio","P","PIT"
"1238","Juan Perez","P","TOR"
"1239","Juan Perez","RF","SF"
"1240","Juan Rivera","LF","NYY"
"1241","Juan Uribe","3B","CLE"
"1242","Julio Borbon","CF","CHC"
"1243","Julio Morban","OF","SEA"
"1244","Julio Teheran","P","ATL"
"1245","Julio Urias","P","LAD"
"1246","Jumbo Diaz","P","CIN"
"1247","Jung Ho Kang","3B","PIT"
"1248","Junichi Tazawa","P","BOS"
"1249","Junior Guerra","P","MIL"
"1250","Junior Lake","RF","TOR"
"1251","Jurickson Profar","2B","TEX"
"1252","Justin Bour","1B","MIA"
"1253","Justin Christian","LF","SF"
"1254","Justin De Fratus","P","SEA"
"1255","Justin Freeman","P","CIN"
"1256","Justin Germano","P","TEX"
"1257","Justin Grimm","P","CHC"
"1258","Justin Marks","P","TEX"
"1259","Justin Masterson","P","BOS"
"1260","Justin Maxwell","CF","MIA"
"1261","Justin Miller","P","COL"
"1262","Justin Morneau","1B","CWS"
"1263","Justin Nicolino","P","MIA"
"1264","Justin O'Conner","C","TB"
"1265","Justin Ruggiano","RF","TEX"
"1266","Justin Sellers","SS","SD"
"1267","Justin Smoak","1B","TOR"
"1268","Justin Thomas","P","NYY"
"1269","Justin Turner","3B","LAD"
"1270","Justin Upton","LF","DET"
"1271","Justin Verlander","P","DET"
"1272","Justin Wilson","P","DET"
"1273","Kaleb Cowart","3B","LAA"
"1274","Kameron Loe","P","SF"
"1275","Keith Butler","P","STL"
"1276","Keith Hessler","P","SD"
"1277","Kelby Tomlinson","2B","SF"
"1278","Kelly Dugan","OF","PHI"
"1279","Kelly Johnson","2B","NYM"
"1280","Kelly Shoppach","C","CLE"
"1281","Kelvin Herrera","P","KC"
"1282","Ken Giles","P","HOU"
"1283","Ken Roberts","P","PHI"
"1284","Kendall Graveman","P","OAK"
"1285","Kendry Flores","P","MIA"
"1286","Kendrys Morales","DH","KC"
"1287","Kenley Jansen","P","LAD"
"1288","Kennys Vargas","1B","MIN"
"1289","Kensuke Tanaka","OF","SF"
"1290","Kenta Maeda","P","LAD"
"1291","Keon Broxton","CF","MIL"
"1292","Keone Kela","P","TEX"
"1293","Ketel Marte","SS","SEA"
"1294","Kevan Smith","C","CWS"
"1295","Kevin Chapman","P","HOU"
"1296","Kevin Correia","P","PHI"
"1297","Kevin Frandsen","1B","SF"
"1298","Kevin Gausman","P","BAL"
"1299","Kevin Gregg","P","CIN"
"1300","Kevin Jepsen","P","MIN"
"1301","Kevin Kiermaier","CF","TB"
"1302","Kevin Kouzmanoff","3B","TEX"
"1303","Kevin Mattison","CF","MIA"
"1304","Kevin Munson","P","ARI"
"1305","Kevin Pillar","CF","TOR"
"1306","Kevin Plawecki","C","NYM"
"1307","Kevin Quackenbush","P","SD"
"1308","Kevin Siegrist","P","STL"
"1309","Kevin Slowey","P","PHI"
"1310","Kevin Whelan","P","DET"
"1311","Keyvius Sampson","P","CIN"
"1312","Khris Davis","LF","OAK"
"1313","Kila Ka'aihue","1B","OAK"
"1314","Kirby Yates","P","NYY"
"1315","Kirk Nieuwenhuis","CF","MIL"
"1316","Koji Uehara","P","BOS"
"1317","Kole Calhoun","RF","LAA"
"1318","Kolten Wong","2B","STL"
"1319","Koyie Hill","C","PHI"
"1320","Kris Bryant","3B","CHC"
"1321","Kris Johnson","P","MIN"
"1322","Kris Medlen","P","KC"
"1323","Kristopher Negron","2B","CIN"
"1324","Kurt Suzuki","C","MIN"
"1325","Kyle Barraclough","P","MIA"
"1326","Kyle Blanks","1B","TEX"
"1327","Kyle Crick","P","SF"
"1328","Kyle Crockett","P","CLE"
"1329","Kyle Davies","P","NYY"
"1330","Kyle Drabek","P","ARI"
"1331","Kyle Farnsworth","P","HOU"
"1332","Kyle Gibson","P","MIN"
"1333","Kyle Hendricks","P","CHC"
"1334","Kyle Kendrick","P","ATL"
"1335","Kyle Kubitza","3B","TEX"
"1336","Kyle Lobstein","P","PIT"
"1337","Kyle Lohse","P","MIL"
"1338","Kyle McPherson","P","PIT"
"1339","Kyle Parker","RF","COL"
"1340","Kyle Ryan","P","DET"
"1341","Kyle Schwarber","LF","CHC"
"1342","Kyle Seager","3B","SEA"
"1343","Kyle Skipworth","C","CIN"
"1344","Kyle Waldrop","RF","CIN"
"1345","Kyle Zimmer","P","KC"
"1346","Kyuji Fujikawa","P","TEX"
"1347","L.J. Hoes","LF","BAL"
"1348","Lance Lynn","P","STL"
"1349","Lance McCullers","P","HOU"
"1350","Lane Adams","CF","NYY"
"1351","Lars Anderson","1B","TOR"
"1352","LaTroy Hawkins","P","TOR"
"1353","Laynce Nix","OF","PHI"
"1354","Layne Somsen","P","LAD"
"1355","Lendy Castillo","P","CHC"
"1356","Leonel Campos","P","SD"
"1357","Leonys Martin","CF","SEA"
"1358","Lester Oliveros","P","MIN"
"1359","Leury Garcia","2B","CWS"
"1360","Lew Ford","LF","BAL"
"1361","Liam Hendriks","P","OAK"
"1362","Lisalverto Bonilla","P","LAD"
"1363","Logan Darnell","P","MIN"
"1364","Logan Forsythe","2B","TB"
"1365","Logan Kensing","P","DET"
"1366","Logan Morrison","1B","TB"
"1367","Logan Ondrusek","P","CIN"
"1368","Logan Schafer","CF","WSH"
"1369","Logan Verrett","P","NYM"
"1370","Logan Watkins","2B","CHC"
"1371","Lonnie Chisenhall","RF","CLE"
"1372","Lorenzo Cain","CF","KC"
"1373","Lou Marson","C","PHI"
"1374","Louis Coleman","P","LAD"
"1375","Lucas Duda","1B","NYM"
"1376","Lucas Giolito","P","WSH"
"1377","Lucas Harrell","P","HOU"
"1378","Lucas Luetge","P","LAA"
"1379","Luis Avilan","P","LAD"
"1380","Luis Ayala","P","WSH"
"1381","Luis Cessa","P","NYY"
"1382","Luis Cruz","P","HOU"
"1383","Luis Exposito","C","BAL"
"1384","Luis Garcia","P","PHI"
"1385","Luis Jimenez","3B","BOS"
"1386","Luis Jimenez","DH","SEA"
"1387","Luis Martinez","C","BAL"
"1388","Luis Perdomo","P","MIN"
"1389","Luis Perdomo","P","SD"
"1390","Luis Perez","P","TOR"
"1391","Luis Sardinas","2B","SEA"
"1392","Luis Severino","P","NYY"
"1393","Luis Valbuena","3B","HOU"
"1394","Luke Carlin","C","DET"
"1395","Luke Gregerson","P","HOU"
"1396","Luke Hochevar","P","KC"
"1397","Luke Hughes","3B","OAK"
"1398","Luke Jackson","P","TEX"
"1399","Luke Maile","C","TB"
"1400","Luke Montz","DH","OAK"
"1401","Luke Putkonen","P","DET"
"1402","Luke Scott","DH","TB"
"1403","Mac Williamson","RF","SF"
"1404","Madison Bumgarner","P","SF"
"1405","Maicer Izturis","2B","TOR"
"1406","Maikel Cleto","P","CWS"
"1407","Maikel Franco","3B","PHI"
"1408","Mallex Smith","CF","ATL"
"1409","Manny Acosta","P","NYM"
"1410","Manny Banuelos","P","ATL"
"1411","Manny Corpas","P","COL"
"1412","Manny Machado","3B","BAL"
"1413","Manny Parra","P","CHC"
"1414","Manny Pina","C","DET"
"1415","Manuel Margot","CF","SD"
"1416","Marc Krauss","1B","DET"
"1417","Marc Rzepczynski","P","OAK"
"1418","Marcell Ozuna","CF","MIA"
"1419","Marco Estrada","P","TOR"
"1420","Marco Gonzales","P","STL"
"1421","Marco Hernandez","SS","BOS"
"1422","Marco Scutaro","2B","SF"
"1423","Marcos Mateo","P","SD"
"1424","Marcus Hatley","P","STL"
"1425","Marcus Semien","SS","OAK"
"1426","Marcus Stroman","P","TOR"
"1427","Mario Hollands","P","PHI"
"1428","Mark Buehrle","P","TOR"
"1429","Mark Canha","1B","OAK"
"1430","Mark Lowe","P","DET"
"1431","Mark Melancon","P","PIT"
"1432","Mark Reynolds","1B","COL"
"1433","Mark Rogers","P","TEX"
"1434","Mark Teixeira","1B","NYY"
"1435","Mark Trumbo","RF","BAL"
"1436","Marlon Byrd","RF","CLE"
"1437","Martin Maldonado","C","MIL"
"1438","Martin Perez","P","TEX"
"1439","Martin Prado","3B","MIA"
"1440","Marwin Gonzalez","1B","HOU"
"1441","Masahiro Tanaka","P","NYY"
"1442","Mason Melotakis","P","MIN"
"1443","Mason Williams","CF","NYY"
"1444","Mat Gamel","1B","ATL"
"1445","Mat Latos","P","CWS"
"1446","Matt Adams","1B","STL"
"1447","Matt Albers","P","CWS"
"1448","Matt Andriese","P","TB"
"1449","Matt Barnes","P","BOS"
"1450","Matt Belisle","P","WSH"
"1451","Matt Bowman","P","STL"
"1452","Matt Boyd","P","DET"
"1453","Matt Bush","P","TEX"
"1454","Matt Cain","P","SF"
"1455","Matt Capps","P","ATL"
"1456","Matt Carpenter","3B","STL"
"1457","Matt Carson","RF","CLE"
"1458","Matt Clark","1B","CHC"
"1459","Matt Daley","P","NYY"
"1460","Matt Davidson","3B","CWS"
"1461","Matt den Dekker","CF","WSH"
"1462","Matt Dominguez","3B","TOR"
"1463","Matt Duffy","3B","SF"
"1464","Matt Duffy","3B","HOU"
"1465","Matt Garza","P","MIL"
"1466","Matt Grace","P","WSH"
"1467","Matt Guerrier","P","MIN"
"1468","Matt Hague","1B","TOR"
"1469","Matt Harrison","P","PHI"
"1470","Matt Harvey","P","NYM"
"1471","Matt Holliday","LF","STL"
"1472","Matt Joyce","RF","PIT"
"1473","Matt Kemp","RF","SD"
"1474","Matt Koch","P","ARI"
"1475","Matt Langwell","P","ARI"
"1476","Matt LaPorta","1B","BAL"
"1477","Matt Lindstrom","P","LAA"
"1478","Matt Magill","P","CIN"
"1479","Matt Maloney","P","MIN"
"1480","Matt Marksberry","P","ATL"
"1481","Matt McBride","C","OAK"
"1482","Matt Moore","P","TB"
"1483","Matt Pagnozzi","C","MIL"
"1484","Matt Palmer","P","SD"
"1485","Matt Purke","P","CWS"
"1486","Matt Ramsey","P","MIA"
"1487","Matt Reynolds","P","ARI"
"1488","Matt Reynolds","SS","NYM"
"1489","Matt Shoemaker","P","LAA"
"1490","Matt Stites","P","ARI"
"1491","Matt Szczur","LF","CHC"
"1492","Matt Thornton","P","SD"
"1493","Matt Tracy","P","NYY"
"1494","Matt Tuiasosopo","LF","ATL"
"1495","Matt West","P","LAD"
"1496","Matt Wieters","C","BAL"
"1497","Matt Wisler","P","ATL"
"1498","Matt Young","OF","DET"
"1499","Matthew Strahm","P","KC"
"1500","Mauricio Cabrera","P","ATL"
"1501","Mauricio Robles","P","PHI"
"1502","Max Kepler","CF","MIN"
"1503","Max Moroff","2B","PIT"
"1504","Max Muncy","1B","OAK"
"1505","Max Scherzer","P","WSH"
"1506","Max Stassi","C","HOU"
"1507","Mayckol Guaipe","P","SEA"
"1508","Melky Cabrera","LF","CWS"
"1509","Melky Mesa","CF","KC"
"1510","Melvin Mercedes","P","DET"
"1511","Melvin Upton Jr.","LF","SD"
"1512","Micah Johnson","2B","LAD"
"1513","Micah Owings","P","SD"
"1514","Michael Blazek","P","MIL"
"1515","Michael Bourn","CF","ARI"
"1516","Michael Bowden","P","CIN"
"1517","Michael Brantley","LF","CLE"
"1518","Michael Choice","RF","CLE"
"1519","Michael Conforto","LF","NYM"
"1520","Michael Cuddyer","LF","NYM"
"1521","Michael Feliz","P","HOU"
"1522","Michael Fulmer","P","DET"
"1523","Michael Gonzalez","P","WSH"
"1524","Michael Kirkman","P","MIL"
"1525","Michael Kohn","P","ATL"
"1526","Michael Lorenzen","P","CIN"
"1527","Michael Mariot","P","PHI"
"1528","Michael Martinez","2B","CLE"
"1529","Michael McKenry","C","COL"
"1530","Michael Morse","1B","PIT"
"1531","Michael Pineda","P","NYY"
"1532","Michael Reed","RF","MIL"
"1533","Michael Roth","P","CLE"
"1534","Michael Saunders","LF","TOR"
"1535","Michael Stutes","P","PHI"
"1536","Michael Taylor","CF","WSH"
"1537","Michael Taylor","OF","CWS"
"1538","Michael Tonkin","P","MIN"
"1539","Michael Wacha","P","STL"
"1540","Michael Ynoa","P","CWS"
"1541","Mickey Storey","P","TOR"
"1542","Miguel Alfredo Gonzalez","P","PHI"
"1543","Miguel Almonte","P","KC"
"1544","Miguel Cabrera","1B","DET"
"1545","Miguel Castro","P","COL"
"1546","Miguel Gonzalez","C","CWS"
"1547","Miguel Gonzalez","P","CWS"
"1548","Miguel Montero","C","CHC"
"1549","Miguel Olivo","C","LAD"
"1550","Miguel Rojas","1B","MIA"
"1551","Miguel Sano","RF","MIN"
"1552","Miguel Socolovich","P","STL"
"1553","Mike Adams","P","PHI"
"1554","Mike Aviles","SS","DET"
"1555","Mike Baxter","RF","CHC"
"1556","Mike Belfiore","P","DET"
"1557","Mike Bolsinger","P","LAD"
"1558","Mike Broadway","P","SF"
"1559","Mike Carp","1B","TEX"
"1560","Mike Clevinger","P","CLE"
"1561","Mike Costanzo","3B","CIN"
"1562","Mike Dunn","P","MIA"
"1563","Mike Ekstrom","P","COL"
"1564","Mike Fiers","P","HOU"
"1565","Mike Foltynewicz","P","ATL"
"1566","Mike Fontenot","2B","WSH"
"1567","Mike Jacobs","1B","SEA"
"1568","Mike Kickham","P","TEX"
"1569","Mike Leake","P","STL"
"1570","Mike MacDougal","P","LAD"
"1571","Mike McClendon","P","COL"
"1572","Mike McCoy","2B","TOR"
"1573","Mike Miller","SS","BOS"
"1574","Mike Minor","P","KC"
"1575","Mike Montgomery","P","SEA"
"1576","Mike Morin","P","LAA"
"1577","Mike Moustakas","3B","KC"
"1578","Mike Napoli","1B","CLE"
"1579","Mike Nickeas","C","TOR"
"1580","Mike Ohlman","C","STL"
"1581","Mike Olt","3B","CWS"
"1582","Mike Pelfrey","P","DET"
"1583","Mike Strong","P","MIN"
"1584","Mike Trout","CF","LAA"
"1585","Mike Wright","P","BAL"
"1586","Mike Zagurski","P","NYY"
"1587","Mike Zunino","C","SEA"
"1588","Mikie Mahtook","CF","TB"
"1589","Miles Mikolas","P","TEX"
"1590","Mitch Harris","P","STL"
"1591","Mitch Maier","OF","CHC"
"1592","Mitch Moreland","1B","TEX"
"1593","Mitchell Boggs","P","BOS"
"1594","Moises Sierra","RF","KC"
"1595","Montreal Robertson","P","DET"
"1596","Mookie Betts","RF","BOS"
"1597","Munenori Kawasaki","2B","CHC"
"1598","Mychal Givens","P","BAL"
"1599","Nate Adcock","P","CIN"
"1600","Nate Freiman","1B","ATL"
"1601","Nate Jones","P","CWS"
"1602","Nate McLouth","LF","WSH"
"1603","Nate Schierholtz","RF","TEX"
"1604","Nate Spears","3B","BOS"
"1605","Nathan Eovaldi","P","NYY"
"1606","Nathan Karns","P","SEA"
"1607","Neal Cotts","P","HOU"
"1608","Nefi Ogando","P","MIA"
"1609","Neftali Feliz","P","PIT"
"1610","Neftali Soto","1B","CIN"
"1611","Neil Ramirez","P","MIN"
"1612","Neil Wagner","P","TOR"
"1613","Neil Walker","2B","NYM"
"1614","Nelson Cruz","DH","SEA"
"1615","Nevin Ashley","C","MIL"
"1616","Nick Ahmed","SS","ARI"
"1617","Nick Buss","CF","OAK"
"1618","Nick Castellanos","3B","DET"
"1619","Nick Christiani","P","CIN"
"1620","Nick Evans","1B","ARI"
"1621","Nick Franklin","2B","TB"
"1622","Nick Goody","P","NYY"
"1623","Nick Green","2B","MIA"
"1624","Nick Greenwood","P","STL"
"1625","Nick Hagadone","P","CLE"
"1626","Nick Hundley","C","COL"
"1627","Nick Kingham","P","PIT"
"1628","Nick Lee","P","WSH"
"1629","Nick Markakis","RF","ATL"
"1630","Nick Maronde","P","CLE"
"1631","Nick Martinez","P","TEX"
"1632","Nick Masset","P","ATL"
"1633","Nick Noonan","2B","SF"
"1634","Nick Punto","2B","OAK"
"1635","Nick Rumbelow","P","NYY"
"1636","Nick Swisher","LF","ATL"
"1637","Nick Tepesch","P","OAK"
"1638","Nick Tropeano","P","LAA"
"1639","Nick Vincent","P","SEA"
"1640","Nick Wittgren","P","MIA"
"1641","Noah Syndergaard","P","NYM"
"1642","Noe Ramirez","P","BOS"
"1643","Nolan Arenado","3B","COL"
"1644","Nolan Fontana","2B","HOU"
"1645","Nolan Reimold","LF","BAL"
"1646","Nomar Mazara","RF","TEX"
"1647","Nori Aoki","LF","SEA"
"1648","Nyjer Morgan","CF","CLE"
"1649","Odrisamer Despaigne","P","BAL"
"1650","Odubel Herrera","CF","PHI"
"1651","Oliver Drake","P","BAL"
"1652","Oliver Perez","P","WSH"
"1653","Omar Infante","2B","KC"
"1654","Omar Quintanilla","SS","NYM"
"1655","Omir Santos","C","CLE"
"1656","Onelki Garcia","P","CWS"
"1657","Orlando Arcia","SS","MIL"
"1658","Orlando Calixte","SS","KC"
"1659","Oscar Hernandez","C","ARI"
"1660","Oscar Taveras","OF","STL"
"1661","Oswaldo Arcia","LF","TB"
"1662","P.J. Walters","P","LAD"
"1663","Pablo Sandoval","3B","BOS"
"1664","Paco Rodriguez","P","ATL"
"1665","Parker Bridwell","P","BAL"
"1666","Pat Dean","P","MIN"
"1667","Pat Light","P","BOS"
"1668","Pat McCoy","P","BAL"
"1669","Pat Neshek","P","HOU"
"1670","Pat Venditte","P","TOR"
"1671","Patrick Corbin","P","ARI"
"1672","Patrick Kivlehan","3B","SEA"
"1673","Paul Clemens","P","MIA"
"1674","Paul Goldschmidt","1B","ARI"
"1675","Paul Janish","SS","BAL"
"1676","Paul Maholm","P","CIN"
"1677","Paulo Orlando","RF","KC"
"1678","Pedro Alvarez","DH","BAL"
"1679","Pedro Baez","P","LAD"
"1680","Pedro Beato","P","ATL"
"1681","Pedro Ciriaco","3B","ATL"
"1682","Pedro Feliciano","P","NYM"
"1683","Pedro Figueroa","P","TEX"
"1684","Pedro Florimon","SS","PIT"
"1685","Pedro Hernandez","P","COL"
"1686","Pedro Severino","C","WSH"
"1687","Pedro Strop","P","CHC"
"1688","Pedro Villarreal","P","CIN"
"1689","Pete Kozma","SS","STL"
"1690","Pete Orr","3B","PHI"
"1691","Peter Bourjos","RF","PHI"
"1692","Peter Moylan","P","KC"
"1693","Peter O'Brien","LF","ARI"
"1694","Phil Coke","P","NYY"
"1695","Phil Gosselin","2B","ARI"
"1696","Phil Hughes","P","MIN"
"1697","Phil Irwin","P","TEX"
"1698","Phil Klein","P","PHI"
"1699","Philip Humber","P","HOU"
"1700","Phillippe Aumont","P","PHI"
"1701","Pierce Johnson","P","CHC"
"1702","Preston Claiborne","P","MIA"
"1703","Preston Guilmet","P","MIL"
"1704","Preston Tucker","DH","HOU"
"1705","Prince Fielder","DH","TEX"
"1706","Quintin Berry","LF","CHC"
"1707","R.A. Dickey","P","TOR"
"1708","R.J. Alvarez","P","CHC"
"1709","Radhames Liz","P","PIT"
"1710","Rafael Betancourt","P","COL"
"1711","Rafael Dolis","P","DET"
"1712","Rafael Furcal","2B","MIA"
"1713","Rafael Lopez","C","LAA"
"1714","Rafael Martin","P","WSH"
"1715","Rafael Montero","P","NYM"
"1716","Rafael Ortega","LF","LAA"
"1717","Rafael Perez","P","CLE"
"1718","Rafael Soriano","P","CHC"
"1719","Rafael Ynoa","3B","COL"
"1720","Raimel Tapia","LF","COL"
"1721","Raisel Iglesias","P","CIN"
"1722","Rajai Davis","CF","CLE"
"1723","Ramiro Pena","2B","SF"
"1724","Ramon Cabrera","C","CIN"
"1725","Ramon Flores","CF","MIL"
"1726","Ramon Hernandez","C","KC"
"1727","Ramon Ramirez","P","BAL"
"1728","Ramon Santiago","2B","TOR"
"1729","Ramon Torres","3B","KC"
"1730","Ramon Troncoso","P","CWS"
"1731","Randal Grichuk","CF","STL"
"1732","Randall Delgado","P","ARI"
"1733","Randy Choate","P","TOR"
"1734","Randy Rosario","P","MIN"
"1735","Randy Wolf","P","DET"
"1736","Rangel Ravelo","1B","OAK"
"1737","Raudel Lazo","P","MIA"
"1738","Raul Alcantara","P","OAK"
"1739","Raul Mondesi","SS","KC"
"1740","Raul Valdes","P","HOU"
"1741","Ray Black","P","SF"
"1742","Ray Olmedo","SS","CWS"
"1743","Red Patterson","P","LAD"
"1744","Reed Johnson","LF","WSH"
"1745","Reid Brignac","3B","ATL"
"1746","Renato Nunez","3B","OAK"
"1747","Rene Rivera","C","NYM"
"1748","Rex Brothers","P","CHC"
"1749","Rey Navarro","2B","LAA"
"1750","Reymond Fuentes","LF","KC"
"1751","Rhiner Cruz","P","HOU"
"1752","Rich Hill","P","OAK"
"1753","Richard Bleier","P","NYY"
"1754","Richie Shaffer","3B","TB"
"1755","Rick Porcello","P","BOS"
"1756","Rickie Weeks","LF","ARI"
"1757","Ricky Nolasco","P","MIN"
"1758","Ricky Romero","P","TOR"
"1759","Rico Noel","CF","NYY"
"1760","Rob Brantly","C","SEA"
"1761","Rob Rasmussen","P","LAA"
"1762","Rob Refsnyder","2B","NYY"
"1763","Rob Scahill","P","PIT"
"1764","Rob Wooten","P","MIL"
"1765","Robbie Erlin","P","SD"
"1766","Robbie Grossman","LF","MIN"
"1767","Robbie Ray","P","ARI"
"1768","Robbie Ross Jr.","P","BOS"
"1769","Robert Andino","2B","SEA"
"1770","Robert Carson","P","LAA"
"1771","Robert Coello","P","LAA"
"1772","Robert Gsellman","P","NYM"
"1773","Robert Stephenson","P","CIN"
"1774","Roberto Hernandez","P","TOR"
"1775","Roberto Osuna","P","TOR"
"1776","Roberto Perez","C","CLE"
"1777","Robinson Cano","2B","SEA"
"1778","Robinson Chirinos","C","TEX"
"1779","Rocky Gale","C","SD"
"1780","Rodrigo Lopez","P","PHI"
"1781","Roenis Elias","P","BOS"
"1782","Roger Bernadina","LF","LAD"
"1783","Roger Kieschnick","RF","LAA"
"1784","Roman Colon","P","KC"
"1785","Roman Mendez","P","BOS"
"1786","Roman Quinn","CF","PHI"
"1787","Ronald Belisario","P","TB"
"1788","Ronald Torreyes","3B","NYY"
"1789","Ronny Cedeno","SS","PHI"
"1790","Ronny Paulino","C","SEA"
"1791","Rookie Davis","P","CIN"
"1792","Rosell Herrera","OF","COL"
"1793","Ross Detwiler","P","CLE"
"1794","Ross Ohlendorf","P","CIN"
"1795","Ross Stripling","P","LAD"
"1796","Ross Wolf","P","TEX"
"1797","Rougned Odor","2B","TEX"
"1798","Rubby De La Rosa","P","ARI"
"1799","Ruben Tejada","SS","STL"
"1800","Rudy Owens","P","HOU"
"1801","Rusney Castillo","LF","BOS"
"1802","Russ Canzler","3B","PIT"
"1803","Russell Martin","C","TOR"
"1804","Ryan Brasier","P","LAA"
"1805","Ryan Braun","LF","MIL"
"1806","Ryan Brett","2B","TB"
"1807","Ryan Buchter","P","SD"
"1808","Ryan Cook","P","SEA"
"1809","Ryan Dennick","P","LAD"
"1810","Ryan Doumit","OF","ATL"
"1811","Ryan Dull","P","OAK"
"1812","Ryan Feierabend","P","TEX"
"1813","Ryan Flaherty","3B","BAL"
"1814","Ryan Garton","P","TB"
"1815","Ryan Goins","2B","TOR"
"1816","Ryan Hanigan","C","BOS"
"1817","Ryan Howard","1B","PHI"
"1818","Ryan Jackson","2B","PHI"
"1819","Ryan Kalish","LF","CHC"
"1820","Ryan Kelly","P","ATL"
"1821","Ryan LaMarre","CF","BOS"
"1822","Ryan Langerhans","1B","TOR"
"1823","Ryan Lavarnway","C","ATL"
"1824","Ryan Lollis","RF","SF"
"1825","Ryan Ludwick","OF","TEX"
"1826","Ryan Madson","P","OAK"
"1827","Ryan Mattheus","P","CIN"
"1828","Ryan Merritt","P","CLE"
"1829","Ryan O'Rourke","P","MIN"
"1830","Ryan Perry","P","WSH"
"1831","Ryan Pressly","P","MIN"
"1832","Ryan Raburn","LF","COL"
"1833","Ryan Reid","P","NYM"
"1834","Ryan Roberts","2B","KC"
"1835","Ryan Rowland-Smith","P","ARI"
"1836","Ryan Rua","LF","TEX"
"1837","Ryan Schimpf","3B","SD"
"1838","Ryan Strausborger","LF","TEX"
"1839","Ryan Sweeney","OF","CHC"
"1840","Ryan Tepera","P","TOR"
"1841","Ryan Verdugo","P","KC"
"1842","Ryan Vogelsong","P","PIT"
"1843","Ryan Webb","P","TB"
"1844","Ryan Weber","P","ATL"
"1845","Ryan Wheeler","3B","LAA"
"1846","Ryan Zimmerman","1B","WSH"
"1847","Rymer Liriano","LF","MIL"
"1848","Sal Romano","P","CIN"
"1849","Salvador Perez","C","KC"
"1850","Sam Demel","P","NYY"
"1851","Sam Dyson","P","TEX"
"1852","Sam Freeman","P","MIL"
"1853","Sam Fuld","LF","OAK"
"1854","Sam LeCure","P","ARI"
"1855","Sam Tuivailala","P","STL"
"1856","Sammy Solis","P","WSH"
"1857","Samuel Deduno","P","HOU"
"1858","Sandy Leon","C","BOS"
"1859","Sandy Rosario","P","SF"
"1860","Santiago Casilla","P","SF"
"1861","Scooter Gennett","2B","MIL"
"1862","Scott Alexander","P","KC"
"1863","Scott Atchison","P","CLE"
"1864","Scott Baker","P","LAD"
"1865","Scott Barnes","P","TOR"
"1866","Scott Carroll","P","CWS"
"1867","Scott Copeland","P","TOR"
"1868","Scott Diamond","P","TOR"
"1869","Scott Downs","P","CLE"
"1870","Scott Elbert","P","LAD"
"1871","Scott Feldman","P","HOU"
"1872","Scott Hairston","LF","WSH"
"1873","Scott Kazmir","P","LAD"
"1874","Scott Maine","P","MIA"
"1875","Scott McGough","P","BAL"
"1876","Scott Moore","3B","HOU"
"1877","Scott Oberg","P","COL"
"1878","Scott Rice","P","NYM"
"1879","Scott Schebler","LF","CIN"
"1880","Scott Sizemore","3B","NYY"
"1881","Scott Snodgress","P","CWS"
"1882","Scott Van Slyke","LF","LAD"
"1883","Sean Burnett","P","LAA"
"1884","Sean Coyle","2B","BOS"
"1885","Sean Doolittle","P","OAK"
"1886","Sean Gilmartin","P","NYM"
"1887","Sean Halton","1B","MIL"
"1888","Sean Manaea","P","OAK"
"1889","Sean Marshall","P","CIN"
"1890","Sean Nolin","P","MIL"
"1891","Sean O'Sullivan","P","BOS"
"1892","Sean Rodriguez","1B","PIT"
"1893","Sergio Romo","P","SF"
"1894","Sergio Santos","P","NYY"
"1895","Seth Lugo","P","NYM"
"1896","Seth Maness","P","STL"
"1897","Seth Rosin","P","PHI"
"1898","Seth Smith","RF","SEA"
"1899","Seung Hwan Oh","P","STL"
"1900","Severino Gonzalez","P","PHI"
"1901","Shae Simmons","P","ATL"
"1902","Shane Greene","P","DET"
"1903","Shane Loux","P","SF"
"1904","Shane Peterson","LF","MIL"
"1905","Shane Robinson","LF","LAA"
"1906","Shane Victorino","LF","CHC"
"1907","Shaun Marcum","P","CLE"
"1908","Shawn Armstrong","P","CLE"
"1909","Shawn Hill","P","TOR"
"1910","Shawn Kelley","P","WSH"
"1911","Shawn Morimando","P","CLE"
"1912","Shawn O'Malley","LF","SEA"
"1913","Shawn Tolleson","P","TEX"
"1914","Shelby Miller","P","ARI"
"1915","Shin-Soo Choo","RF","TEX"
"1916","Silvino Bracho","P","ARI"
"1917","Simon Castro","P","COL"
"1918","Skip Schumaker","LF","SD"
"1919","Slade Heathcott","CF","NYY"
"1920","Socrates Brito","CF","ARI"
"1921","Sonny Gray","P","OAK"
"1922","Spencer Kieboom","C","WSH"
"1923","Spencer Patton","P","CHC"
"1924","Starlin Castro","2B","NYY"
"1925","Starling Marte","LF","PIT"
"1926","Stefen Romero","RF","SEA"
"1927","Stephen Drew","2B","WSH"
"1928","Stephen Fife","P","LAD"
"1929","Stephen Johnson","P","CIN"
"1930","Stephen Piscotty","RF","STL"
"1931","Stephen Pryor","P","MIN"
"1932","Stephen Strasburg","P","WSH"
"1933","Stephen Vogt","C","OAK"
"1934","Steve Ames","P","MIA"
"1935","Steve Baron","C","SEA"
"1936","Steve Cishek","P","SEA"
"1937","Steve Clevenger","C","SEA"
"1938","Steve Delabar","P","CIN"
"1939","Steve Edlefsen","P","SF"
"1940","Steve Geltz","P","TB"
"1941","Steve Johnson","P","SEA"
"1942","Steve Lombardozzi","2B","CWS"
"1943","Steve Pearce","1B","TB"
"1944","Steve Selsky","RF","CIN"
"1945","Steve Susdorf","OF","PHI"
"1946","Steve Tolleson","2B","TOR"
"1947","Steven Lerud","C","PHI"
"1948","Steven Matz","P","NYM"
"1949","Steven Moya","LF","DET"
"1950","Steven Okert","P","SF"
"1951","Steven Souza Jr.","RF","TB"
"1952","Steven Wright","P","BOS"
"1953","Stolmy Pimentel","P","TEX"
"1954","Sugar Ray Marimon","P","ATL"
"1955","T.J. McFarland","P","BAL"
"1956","Taijuan Walker","P","SEA"
"1957","Tanner Roark","P","WSH"
"1958","Tanner Scheppers","P","TEX"
"1959","Taylor Dugas","OF","NYY"
"1960","Taylor Featherston","3B","PHI"
"1961","Taylor Green","3B","MIL"
"1962","Taylor Guerrieri","P","TB"
"1963","Taylor Hill","P","WSH"
"1964","Taylor Jordan","P","WSH"
"1965","Taylor Jungmann","P","MIL"
"1966","Taylor Lindsey","2B","SD"
"1967","Taylor Motter","SS","TB"
"1968","Taylor Rogers","P","MIN"
"1969","Taylor Teagarden","C","CHC"
"1970","Taylor Thompson","P","OAK"
"1971","Tayron Guerrero","P","SD"
"1972","Terrance Gore","LF","KC"
"1973","Thad Weber","P","TOR"
"1974","Thomas Field","2B","TEX"
"1975","Thomas Neal","OF","CHC"
"1976","Tim Adleman","P","CIN"
"1977","Tim Anderson","SS","CWS"
"1978","Tim Beckham","2B","TB"
"1979","Tim Berry","P","MIA"
"1980","Tim Collins","P","KC"
"1981","Tim Cooney","P","STL"
"1982","Tim Dillard","P","MIL"
"1983","Tim Federowicz","C","CHC"
"1984","Tim Hudson","P","SF"
"1985","Tim Lincecum","P","LAA"
"1986","Tim Melville","P","CIN"
"1987","Tim Stauffer","P","ARI"
"1988","TJ House","P","CLE"
"1989","Todd Coffey","P","LAD"
"1990","Todd Cunningham","CF","LAA"
"1991","Todd Frazier","3B","CWS"
"1992","Todd Redmond","P","TOR"
"1993","Tom Gorzelanny","P","CLE"
"1994","Tom Koehler","P","MIA"
"1995","Tom Murphy","C","COL"
"1996","Tom Wilhelmsen","P","SEA"
"1997","Tomas Telis","C","MIA"
"1998","Tommy Hanson","P","TEX"
"1999","Tommy Hottovy","P","TOR"
"2000","Tommy Hunter","P","CLE"
"2001","Tommy Joseph","1B","PHI"
"2002","Tommy Kahnle","P","CWS"
"2003","Tommy La Stella","3B","CHC"
"2004","Tommy Layne","P","BOS"
"2005","Tommy Medica","1B","MIA"
"2006","Tommy Milone","P","MIN"
"2007","Tommy Pham","CF","STL"
"2008","Tony Abreu","2B","SF"
"2009","Tony Barnette","P","TEX"
"2010","Tony Campana","CF","LAA"
"2011","Tony Cingrani","P","CIN"
"2012","Tony Cruz","C","KC"
"2013","Tony Gwynn Jr.","CF","PHI"
"2014","Tony Kemp","2B","HOU"
"2015","Tony Sanchez","C","PIT"
"2016","Tony Sipp","P","HOU"
"2017","Tony Watson","P","PIT"
"2018","Tony Wolters","C","COL"
"2019","Tony Zych","P","SEA"
"2020","Torii Hunter","OF","MIN"
"2021","Toru Murata","P","CLE"
"2022","Travis Blackley","P","TEX"
"2023","Travis Buck","OF","HOU"
"2024","Travis d'Arnaud","C","NYM"
"2025","Travis Hafner","DH","NYY"
"2026","Travis Ishikawa","1B","PIT"
"2027","Travis Jankowski","RF","SD"
"2028","Travis Shaw","3B","BOS"
"2029","Travis Snider","RF","KC"
"2030","Travis Tartamella","C","STL"
"2031","Travis Wood","P","CHC"
"2032","Trayce Thompson","LF","LAD"
"2033","Trayvon Robinson","LF","SD"
"2034","Trea Turner","SS","WSH"
"2035","Trevor Bauer","P","CLE"
"2036","Trevor Bell","P","CIN"
"2037","Trevor Brown","C","SF"
"2038","Trevor Cahill","P","CHC"
"2039","Trevor Crowe","OF","HOU"
"2040","Trevor Gott","P","WSH"
"2041","Trevor May","P","MIN"
"2042","Trevor Plouffe","3B","MIN"
"2043","Trevor Rosenthal","P","STL"
"2044","Trevor Story","SS","COL"
"2045","Trey Haley","P","PIT"
"2046","Troy Patton","P","MIA"
"2047","Troy Tulowitzki","SS","TOR"
"2048","Tsuyoshi Wada","P","CHC"
"2049","Tucker Barnhart","C","CIN"
"2050","Tuffy Gosewisch","C","ARI"
"2051","Ty Blach","P","SF"
"2052","Ty Kelly","LF","NYM"
"2053","Ty Wigginton","1B","MIA"
"2054","Tyler Anderson","P","COL"
"2055","Tyler Austin","OF","NYY"
"2056","Tyler Chatwood","P","COL"
"2057","Tyler Clippard","P","ARI"
"2058","Tyler Cloyd","P","CLE"
"2059","Tyler Collins","CF","DET"
"2060","Tyler Colvin","LF","MIA"
"2061","Tyler Cravy","P","MIL"
"2062","Tyler Danish","P","CWS"
"2063","Tyler Duffey","P","MIN"
"2064","Tyler Flowers","C","ATL"
"2065","Tyler Glasnow","P","PIT"
"2066","Tyler Goeddel","LF","PHI"
"2067","Tyler Graham","OF","ARI"
"2068","Tyler Greene","2B","ATL"
"2069","Tyler Holt","CF","CIN"
"2070","Tyler Ladendorf","2B","OAK"
"2071","Tyler Lyons","P","STL"
"2072","Tyler Matzek","P","COL"
"2073","Tyler Moore","1B","WSH"
"2074","Tyler Naquin","CF","CLE"
"2075","Tyler Olson","P","KC"
"2076","Tyler Pastornicky","2B","TEX"
"2077","Tyler Robertson","P","WSH"
"2078","Tyler Saladino","SS","CWS"
"2079","Tyler Skaggs","P","LAA"
"2080","Tyler Sturdevant","P","TB"
"2081","Tyler Thornburg","P","MIL"
"2082","Tyler Wagner","P","ARI"
"2083","Tyler White","1B","HOU"
"2084","Tyler Wilson","P","BAL"
"2085","Tyrell Jenkins","P","ATL"
"2086","Tyson Brummett","P","TOR"
"2087","Tyson Ross","P","SD"
"2088","Ubaldo Jimenez","P","BAL"
"2089","Vance Worley","P","BAL"
"2090","Vic Black","P","NYM"
"2091","Vicente Campos","P","NYY"
"2092","Victor Alcantara","P","LAA"
"2093","Victor Caratini","C","CHC"
"2094","Victor Marte","P","STL"
"2095","Victor Martinez","DH","DET"
"2096","Vidal Nuno","P","SEA"
"2097","Vin Mazzaro","P","SF"
"2098","Vince Belnome","1B","TB"
"2099","Vincent Velasquez","P","PHI"
"2100","Vinnie Pestano","P","LAA"
"2101","Wade Davis","P","KC"
"2102","Wade LeBlanc","P","SEA"
"2103","Wade Miley","P","SEA"
"2104","Wandy Rodriguez","P","HOU"
"2105","Warwick Saupold","P","DET"
"2106","Wei-Chung Wang","P","MIL"
"2107","Wei-Yin Chen","P","MIA"
"2108","Welington Castillo","C","ARI"
"2109","Wesley Wright","P","ARI"
"2110","Whit Merrifield","2B","KC"
"2111","Wil Myers","1B","SD"
"2112","Wil Nieves","C","SD"
"2113","Wilfredo Boscan","P","PIT"
"2114","Wilfredo Tovar","2B","NYM"
"2115","Wilin Rosario","1B","COL"
"2116","Wilkin Ramirez","RF","MIN"
"2117","Wilking Rodriguez","P","KC"
"2118","Will Harris","P","HOU"
"2119","Will Locante","P","ARI"
"2120","Will Middlebrooks","3B","SD"
"2121","Will Ohman","P","WSH"
"2122","Will Rhymes","2B","TB"
"2123","Will Smith","P","MIL"
"2124","Will Venable","CF","LAD"
"2125","William Cuevas","P","BOS"
"2126","Williams Jerez","P","BOS"
"2127","Williams Perez","P","ATL"
"2128","Willie Bloomquist","SS","SEA"
"2129","Willie Harris","2B","CIN"
"2130","Willson Contreras","C","CHC"
"2131","Willy Garcia","RF","PIT"
"2132","Wilmer Difo","SS","WSH"
"2133","Wilmer Flores","2B","NYM"
"2134","Wilmer Font","P","TEX"
"2135","Wilson Betemit","3B","BAL"
"2136","Wilson Ramos","C","WSH"
"2137","Wilton Lopez","P","COL"
"2138","Wily Peralta","P","MIL"
"2139","Wynton Bernard","OF","DET"
"2140","Xander Bogaerts","SS","BOS"
"2141","Xavier Avery","LF","SEA"
"2142","Xavier Cedeno","P","TB"
"2143","Xavier Nady","OF","SD"
"2144","Xavier Paul","LF","PHI"
"2145","Xavier Scruggs","1B","STL"
"2146","Yadiel Rivera","SS","MIL"
"2147","Yadier Molina","C","STL"
"2148","Yan Gomes","C","CLE"
"2149","Yangervis Solarte","3B","SD"
"2150","Yankory Pimentel","P","BOS"
"2151","Yasiel Puig","RF","LAD"
"2152","Yasiel Sierra","P","LAD"
"2153","Yasmani Grandal","C","LAD"
"2154","Yasmany Tomas","LF","ARI"
"2155","Yhonathan Barrios","P","MIL"
"2156","Yimi Garcia","P","LAD"
"2157","Yoenis Cespedes","CF","NYM"
"2158","Yoervis Medina","P","PIT"
"2159","Yohan Flande","P","COL"
"2160","Yohan Pino","P","KC"
"2161","Yohander Mendez","P","TEX"
"2162","Yonder Alonso","1B","OAK"
"2163","Yordano Ventura","P","KC"
"2164","Yorman Landa","P","MIN"
"2165","Yorman Rodriguez","CF","CIN"
"2166","Yorvit Torrealba","C","LAA"
"2167","Yoslan Herrera","P","LAA"
"2168","Yovani Gallardo","P","BAL"
"2169","Yu Darvish","P","TEX"
"2170","Yunel Escobar","3B","LAA"
"2171","Yunesky Maya","P","WSH"
"2172","Yusmeiro Petit","P","WSH"
"2173","Zac Rosscup","P","CHC"
"2174","Zach Britton","P","BAL"
"2175","Zach Clark","P","BAL"
"2176","Zach Davies","P","MIL"
"2177","Zach Duke","P","CWS"
"2178","Zach Eflin","P","PHI"
"2179","Zach Lee","P","SEA"
"2180","Zach Lutz","3B","NYM"
"2181","Zach McAllister","P","CLE"
"2182","Zach Miner","P","PHI"
"2183","Zach Neal","P","OAK"
"2184","Zach Phillips","P","BAL"
"2185","Zach Putnam","P","CWS"
"2186","Zach Stewart","P","CWS"
"2187","Zach Walters","LF","LAD"
"2188","Zack Cozart","SS","CIN"
"2189","Zack Godley","P","ARI"
"2190","Zack Greinke","P","ARI"
"2191","Zack Jones","P","MIL"
"2192","Zack Wheeler","P","NYM"
"2193","Zeke Spruill","P","BOS"
"2194","Zelous Wheeler","3B","NYY"
"2195","Zoilo Almonte","LF","ATL"
